AISC_Manual_Label,Label,Designation_IS,Type,A,Ix,Iy,J,Zx,Zy,Sx,Sy,rx,ry,d,tw,bf,tf,Cw,rts,ho,Mass_kg_m,Mass_printed_kg_m,A_si_mm2,Izz_si_mm4,Iyy_si_mm4,D_mm,B_mm,tw_mm,tf_mm,flange_slope_deg,R1_mm,R2_mm,rz_mm,ry_mm,Zez_mm3,Zey_mm3,Zpz_mm3,Zpy_mm3,It_mm4,Iw_mm6,Cy_mm,Cz_mm,tan_alpha,Iuu_mm4,Ivv_mm4,ru_mm,rv_mm,r_min_mm,Source,Table,pdf_page,units,validated,corrections
HB150,HB150,HB 150,HB,5.332,34.8364,10.3548,0.242653,13.1201,5.6569,11.8386,3.5089,2.5551,1.3898,5.9055,0.2126,5.9055,0.35433,93.4698,1.6211,5.5512,27.06,27.06,3440.0,14500000.0,4310000.0,150.0,150.0,5.4,9.0,94.0,8.0,4.0,64.9,35.3,194000.0,57500.0,215000.0,92700.0,101000.0,25100000000.0,,,,,,,,35.3,IS_808_2021,5,22,"SI columns authoritative (mm, mm2, mm3, mm4, mm6); inch columns derived",ok,
HB150X30.15,HB150X30.15,HB 150,HB,5.952,36.2779,10.4509,0.302716,13.9134,5.7789,12.2658,3.5394,2.4685,1.3228,5.9055,0.33071,5.9055,0.35433,93.4698,1.5963,5.5512,30.15,30.15,3840.0,15100000.0,4350000.0,150.0,150.0,8.4,9.0,94.0,8.0,4.0,62.7,33.6,201000.0,58000.0,228000.0,94700.0,126000.0,25100000000.0,,,,,,,,33.6,IS_808_2021,5,22,"SI columns authoritative (mm, mm2, mm3, mm4, mm6); inch columns derived",ok,
HB150X33.66,HB150X33.66,HB 150,HB,6.6495,37.7194,10.547,0.418037,14.8288,5.9559,12.815,3.576,2.3858,1.2598,5.9055,0.46457,5.9055,0.35433,93.4698,1.5653,5.5512,33.66,33.66,4290.0,15700000.0,4390000.0,150.0,150.0,11.8,9.0,94.0,8.0,4.0,60.6,32.0,210000.0,58600.0,243000.0,97600.0,174000.0,25100000000.0,,,,,,,,32.0,IS_808_2021,5,22,"SI columns authoritative (mm, mm2, mm3, mm4, mm6); inch columns derived",ok,
HB200,HB200,HB 200,HB,7.3625,86.4903,23.2323,0.357974,24.2264,9.7028,21.9685,5.901,3.4291,1.7756,7.874,0.24016,7.874,0.35433,405.9048,2.1025,7.5197,37.31,37.31,4750.0,36000000.0,9670000.0,200.0,200.0,6.1,9.0,94.0,9.0,4.5,87.1,45.1,360000.0,96700.0,397000.0,159000.0,149000.0,109000000000.0,,,,,,,,45.1,IS_808_2021,5,22,"SI columns authoritative (mm, mm2, mm3, mm4, mm6); inch columns derived",ok,
HB200X39.73,HB200X39.73,HB 200,HB,7.843,88.6526,23.3284,0.398817,25.0808,9.7638,22.5178,5.9254,3.3622,1.7244,7.874,0.30709,7.874,0.35433,405.9048,2.0788,7.5197,39.73,39.73,5060.0,36900000.0,9710000.0,200.0,200.0,7.8,9.0,94.0,9.0,4.5,85.4,43.8,369000.0,97100.0,411000.0,160000.0,166000.0,109000000000.0,,,,,,,,43.8,IS_808_2021,5,22,"SI columns authoritative (mm, mm2, mm3, mm4, mm6); inch columns derived",ok,
HB225,HB225,HB 225,HB,8.5095,126.8525,32.4339,0.439659,31.4272,12.2047,28.6201,7.3228,3.8583,1.9528,8.8583,0.25591,8.8583,0.35827,748.5034,2.3333,8.5,43.12,43.12,5490.0,52800000.0,13500000.0,225.0,225.0,6.5,9.1,94.0,10.0,5.0,98.0,49.6,469000.0,120000.0,515000.0,200000.0,183000.0,201000000000.0,,,,,,,,49.6,IS_808_2021,5,22,"SI columns authoritative (mm, mm2, mm3, mm4, mm6); inch columns derived",ok,
HB225X46.52,HB225X46.52,HB 225,HB,9.176,130.4563,32.6741,0.499722,32.8308,12.3878,29.4745,7.3839,3.7677,1.8858,8.8583,0.33858,8.8583,0.35827,748.5034,2.3034,8.5,46.52,46.52,5920.0,54300000.0,13600000.0,225.0,225.0,8.6,9.1,94.0,10.0,5.0,95.7,47.9,483000.0,121000.0,538000.0,203000.0,208000.0,201000000000.0,,,,,,,,47.9,IS_808_2021,5,22,"SI columns authoritative (mm, mm2, mm3, mm4, mm6); inch columns derived",ok,
HB250,HB250,HB 250,HB,10.0595,185.714,47.0892,0.588615,41.3741,15.9882,37.7737,9.5197,4.2913,2.1614,9.8425,0.27165,9.8425,0.38189,1355.4986,2.5862,9.4606,50.98,50.98,6490.000000000001,77300000.0,19600000.0,250.0,250.0,6.9,9.7,94.0,10.0,5.0,109.0,54.9,619000.0,156000.0,678000.0,262000.0,245000.0,364000000000.0,,,,,,,,54.9,IS_808_2021,5,22,"SI columns authoritative (mm, mm2, mm3, mm4, mm6); inch columns derived",ok,
HB250X54.41,HB250X54.41,HB 250,HB,10.7415,190.519,47.3294,0.653483,42.9607,16.1103,38.6891,9.5807,4.1732,2.0984,9.8425,0.34646,9.8425,0.38189,1355.4986,2.5587,9.4606,54.41,54.41,6930.0,79300000.0,19700000.0,250.0,250.0,8.8,9.7,94.0,10.0,5.0,106.0,53.3,634000.0,157000.0,704000.0,264000.0,272000.0,364000000000.0,,,,,,,,53.3,IS_808_2021,5,22,"SI columns authoritative (mm, mm2, mm3, mm4, mm6); inch columns derived",ok,
HB300,HB300,HB 300,HB,11.594,300.3137,52.615,0.778413,56.2029,17.7579,51.0159,10.6792,5.0787,2.1299,11.811,0.29921,9.8425,0.41732,2148.6888,2.5672,11.3937,58.74,58.74,7480.0,125000000.0,21900000.0,300.0,250.0,7.6,10.6,94.0,11.0,5.5,129.0,54.1,836000.0,175000.0,921000.0,291000.0,324000.0,577000000000.0,,,,,,,,54.1,IS_808_2021,5,22,"SI columns authoritative (mm, mm2, mm3, mm4, mm6); inch columns derived",ok,
HB300X62.67,HB300X62.67,HB 300,HB,12.369,307.5212,52.8552,0.869708,58.3387,17.941,52.3584,10.7402,4.9606,2.0669,11.811,0.37008,9.8425,0.41732,2148.6888,2.537,11.3937,62.67,62.67,7980.0,128000000.0,22000000.0,300.0,250.0,9.4,10.6,94.0,11.0,5.5,126.0,52.5,858000.0,176000.0,956000.0,294000.0,362000.0,577000000000.0,,,,,,,,52.5,IS_808_2021,5,22,"SI columns authoritative (mm, mm2, mm3, mm4, mm6); inch columns derived",ok,
HB350,HB350,HB 350,HB,13.3145,458.8793,58.8615,1.028274,73.8387,19.7717,66.5159,11.9607,5.8661,2.1024,13.7795,0.32677,9.8425,0.45669,3217.4473,2.5578,13.3228,67.42,67.42,8590.0,191000000.0,24500000.0,350.0,250.0,8.3,11.6,94.0,12.0,6.0,149.0,53.4,1090000.0,196000.0,1210000.0,324000.0,428000.0,864000000000.0,,,,,,,,53.4,IS_808_2021,5,22,"SI columns authoritative (mm, mm2, mm3, mm4, mm6); inch columns derived",ok,
HB350X72.03,HB350X72.03,HB 350,HB,14.2135,470.8919,59.1017,1.160412,76.8899,20.0158,68.3466,11.9607,5.748,2.0354,13.7795,0.39764,9.8425,0.45669,3217.4473,2.5259,13.3228,72.03,72.03,9170.0,196000000.0,24600000.0,350.0,250.0,10.1,11.6,94.0,12.0,6.0,146.0,51.7,1120000.0,196000.0,1260000.0,328000.0,483000.0,864000000000.0,,,,,,,,51.7,IS_808_2021,5,22,"SI columns authoritative (mm, mm2, mm3, mm4, mm6); inch columns derived",ok,
HB400,HB400,HB 400,HB,15.283,672.7027,65.3483,1.388651,95.197,21.9685,85.4332,13.3032,6.6142,2.0669,15.748,0.35827,9.8425,0.5,4617.6327,2.5357,15.248,77.43,77.43,9860.0,280000000.0,27200000.0,400.0,250.0,9.1,12.7,94.0,14.0,7.0,168.0,52.5,1400000.0,218000.0,1560000.0,360000.0,578000.0,1240000000000.0,,,,,,,,52.5,IS_808_2021,5,22,"SI columns authoritative (mm, mm2, mm3, mm4, mm6); inch columns derived",ok,
HB400X81.83,HB400X81.83,HB 400,HB,16.12,689.5203,65.5885,1.535204,98.2482,22.2126,87.264,13.3032,6.5354,2.0157,15.748,0.41732,9.8425,0.5,4617.6327,2.5113,15.248,81.83,81.83,10400.0,287000000.0,27300000.0,400.0,250.0,10.6,12.7,94.0,14.0,7.0,166.0,51.2,1430000.0,218000.0,1610000.0,364000.0,639000.0,1240000000000.0,,,,,,,,51.2,IS_808_2021,5,22,"SI columns authoritative (mm, mm2, mm3, mm4, mm6); inch columns derived",ok,
HB450,HB450,HB 450,HB,17.205,941.7838,71.5948,1.765845,118.9963,24.0434,106.1813,14.5237,7.3622,2.0394,17.7165,0.38583,9.8425,0.53937,6293.3865,2.5143,17.1772,87.22,87.22,11100.0,392000000.0,29800000.0,450.0,250.0,9.8,13.7,94.0,15.0,7.5,187.0,51.8,1740000.0,238000.0,1950000.0,394000.0,735000.0,1690000000000.0,,,,,,,,51.8,IS_808_2021,5,22,"SI columns authoritative (mm, mm2, mm3, mm4, mm6); inch columns derived",ok,
HB450X92.19,HB450X92.19,HB 450,HB,18.135,963.4064,71.835,1.958045,123.268,24.2875,108.6223,14.5847,7.2441,1.9843,17.7165,0.44488,9.8425,0.53937,6293.3865,2.488,17.1772,92.19,92.19,11700.0,401000000.0,29900000.0,450.0,250.0,11.3,13.7,94.0,15.0,7.5,184.0,50.4,1780000.0,239000.0,2020000.0,398000.0,815000.0,1690000000000.0,,,,,,,,50.4,IS_808_2021,5,22,"SI columns authoritative (mm, mm2, mm3, mm4, mm6); inch columns derived",ok,
ISA20X20X3,ISA20X20X3,ISA 20 x 20 x 3,ISA,0.1767,0.0096,0.0096,0.000793,0.0317,0.0323,0.0177,0.0177,0.2323,0.2323,0.7874,0.11811,0.7874,0.11811,0.0,,0.6693,0.9,0.9,113.99999999999999,4000.0,4000.0,20,20,3.0,3.0,,4.0,0.0,5.9,5.9,290.0,290.0,520.0,530.0,330.0,0.0,6.0,6.0,0.79,6400.0,1700.0,7.5,3.9,3.9,IS_808_2021,9,29,"SI columns authoritative (mm, mm2, mm3, mm4, mm6); inch columns derived",ok,
ISA20X20X4,ISA20X20X4,ISA 20 x 20 x 4,ISA,0.2279,0.012,0.012,0.001826,0.0403,0.0409,0.0226,0.0226,0.2283,0.2283,0.7874,0.15748,0.7874,0.15748,0.0,,0.6299,1.16,1.16,147.0,5000.0,5000.0,20,20,4.0,4.0,,4.0,0.0,5.8,5.8,370.0,370.0,660.0,670.0,760.0,0.0,6.4,6.4,0.79,7900.0,2200.0,7.3,3.9,3.9,IS_808_2021,9,29,"SI columns authoritative (mm, mm2, mm3, mm4, mm6); inch columns derived",ok,
ISA25X25X3,ISA25X25X3,ISA 25 x 25 x 3,ISA,0.2248,0.0199,0.0199,0.001009,0.0506,0.0513,0.0281,0.0281,0.2953,0.2953,0.9843,0.11811,0.9843,0.11811,0.0,,0.8661,1.14,1.14,145.0,8300.0,8300.0,25,25,3.0,3.0,,4.5,0.0,7.5,7.5,460.0,460.0,830.0,840.0,420.0,0.0,7.3,7.3,0.79,13000.0,3500.0,9.5,4.9,4.9,IS_808_2021,9,29,"SI columns authoritative (mm, mm2, mm3, mm4, mm6); inch columns derived",ok,
ISA25X25X4,ISA25X25X4,ISA 25 x 25 x 4,ISA,0.2914,0.025,0.025,0.002354,0.0653,0.0665,0.0366,0.0366,0.2913,0.2913,0.9843,0.15748,0.9843,0.15748,0.0,,0.8268,1.48,1.48,188.0,10400.0,10400.0,25,25,4.0,4.0,,4.5,0.0,7.4,7.4,600.0,600.0,1070.0,1090.0,980.0,0.0,7.6,7.6,0.79,16300.0,4400.0,9.3,4.8,4.8,IS_808_2021,9,29,"SI columns authoritative (mm, mm2, mm3, mm4, mm6); inch columns derived",ok,
ISA25X25X5,ISA25X25X5,ISA 25 x 25 x 5,ISA,0.355,0.0296,0.0296,0.004493,0.0793,0.0799,0.0439,0.0439,0.2874,0.2874,0.9843,0.19685,0.9843,0.19685,0.0,,0.7874,1.8,1.8,229.0,12300.0,12300.0,25,25,5.0,5.0,,4.5,0.0,7.3,7.3,720.0,720.0,1300.0,1310.0,1870.0,0.0,8.0,8.0,0.79,19200.0,5400.0,9.2,4.8,4.8,IS_808_2021,9,29,"SI columns authoritative (mm, mm2, mm3, mm4, mm6); inch columns derived",ok,
ISA30X20X3,ISA30X20X3,ISA 30 x 20 x 3,ISA,0.2248,0.031,0.0111,0.001009,0.0708,0.0342,0.0391,0.0189,0.3701,0.2205,1.1811,0.11811,0.7874,0.11811,0.0,,1.063,1.14,1.14,145.0,12900.0,4600.0,30,20,3.0,3.0,,4.5,0.0,9.4,5.6,640.0,310.0,1160.0,560.0,420.0,0.0,9.9,5.1,1.05,14700.0,2700.0,10.1,4.3,4.3,IS_808_2021,11,35,"SI columns authoritative (mm, mm2, mm3, mm4, mm6); inch columns derived",ok,
ISA30X30X3,ISA30X30X3,ISA 30 x 30 x 3,ISA,0.2728,0.0353,0.0353,0.001225,0.0744,0.0751,0.0415,0.0415,0.3583,0.3583,1.1811,0.11811,1.1811,0.11811,0.0,,1.063,1.38,1.38,176.0,14700.0,14700.0,30,30,3.0,3.0,,5.0,0.0,9.1,9.1,680.0,680.0,1220.0,1230.0,510.0,0.0,8.5,8.5,0.79,23200.0,6200.0,11.5,5.9,5.9,IS_808_2021,9,29,"SI columns authoritative (mm, mm2, mm3, mm4, mm6); inch columns derived",ok,
ISA30X20X4,ISA30X20X4,ISA 30 x 20 x 4,ISA,0.2914,0.0392,0.0137,0.002354,0.0903,0.0445,0.0506,0.0238,0.3661,0.2165,1.1811,0.15748,0.7874,0.15748,0.0,,1.0236,1.48,1.48,188.0,16299.999999999998,5699.999999999999,30,20,4.0,4.0,,4.5,0.0,9.3,5.5,830.0,390.0,1480.0,730.0,980.0,0.0,10.4,5.5,0.4,18500.0,3400.0,9.9,4.3,4.3,IS_808_2021,11,35,"SI columns authoritative (mm, mm2, mm3, mm4, mm6); inch columns derived",ok,
ISA30X30X4,ISA30X30X4,ISA 30 x 30 x 4,ISA,0.355,0.0447,0.0447,0.002859,0.0964,0.0976,0.0537,0.0537,0.3543,0.3543,1.1811,0.15748,1.1811,0.15748,0.0,,1.0236,1.8,1.8,229.0,18600.0,18600.0,30,30,4.0,4.0,,5.0,0.0,9.0,9.0,880.0,880.0,1580.0,1600.0,1190.0,0.0,8.9,8.9,0.79,29400.0,7800.0,11.3,5.8,5.8,IS_808_2021,9,29,"SI columns authoritative (mm, mm2, mm3, mm4, mm6); inch columns derived",ok,
ISA30X20X5,ISA30X20X5,ISA 30 x 20 x 5,ISA,0.355,0.0464,0.0161,0.004493,0.1092,0.0549,0.061,0.0287,0.3622,0.2126,1.1811,0.19685,0.7874,0.19685,0.0,,0.9843,1.8,1.8,229.0,19300.0,6700.0,30,20,5.0,5.0,,4.5,0.0,9.2,5.4,1000.0,470.0,1790.0,900.0,1870.0,0.0,10.7,5.8,0.39,21900.0,4100.0,9.8,4.2,4.2,IS_808_2021,11,35,"SI columns authoritative (mm, mm2, mm3, mm4, mm6); inch columns derived",ok,
ISA30X30X5,ISA30X30X5,ISA 30 x 30 x 5,ISA,0.434,0.0533,0.0533,0.005502,0.1172,0.1184,0.0653,0.0653,0.3504,0.3504,1.1811,0.19685,1.1811,0.19685,0.0,,0.9843,2.2,2.2,280.0,22200.000000000004,22200.000000000004,30,30,5.0,5.0,,5.0,0.0,8.9,8.9,1070.0,1070.0,1920.0,1940.0,2290.0,0.0,9.3,9.3,0.79,34900.0,9500.0,11.2,5.8,5.8,IS_808_2021,9,29,"SI columns authoritative (mm, mm2, mm3, mm4, mm6); inch columns derived",ok,
ISA35X35X3,ISA35X35X3,ISA 35 x 35 x 3,ISA,0.3193,0.0572,0.0572,0.001442,0.1031,0.1037,0.0574,0.0574,0.4213,0.4213,1.378,0.11811,1.378,0.11811,0.0,,1.2598,1.62,1.62,206.0,23800.0,23800.0,35,35,3.0,3.0,,5.0,0.0,10.7,10.7,940.0,940.0,1690.0,1700.0,600.0,0.0,9.7,9.7,0.79,37700.0,9900.0,13.5,6.9,6.9,IS_808_2021,9,29,"SI columns authoritative (mm, mm2, mm3, mm4, mm6); inch columns derived",ok,"ISA 35x35x3 rz printed '.0.7' (Table 9, pdf p.29); ry printed 10.7 and sqrt(Izz/A)=10.75 -> 10.7"
ISA35X35X4,ISA35X35X4,ISA 35 x 35 x 4,ISA,0.417,0.073,0.073,0.003364,0.1336,0.1349,0.0744,0.0744,0.4173,0.4173,1.378,0.15748,1.378,0.15748,0.0,,1.2205,2.11,2.11,269.0,30400.0,30400.0,35,35,4.0,4.0,,5.0,0.0,10.6,10.6,1220.0,1220.0,2190.0,2210.0,1400.0,0.0,10.1,10.1,0.79,48100.0,12700.0,13.4,6.9,6.9,IS_808_2021,9,29,"SI columns authoritative (mm, mm2, mm3, mm4, mm6); inch columns derived",ok,
ISA35X35X5,ISA35X35X5,ISA 35 x 35 x 5,ISA,0.5115,0.0877,0.0877,0.006487,0.1635,0.1642,0.0909,0.0909,0.4134,0.4134,1.378,0.19685,1.378,0.19685,0.0,,1.1811,2.59,2.59,330.0,36500.0,36500.0,35,35,5.0,5.0,,5.0,0.0,10.5,10.5,1490.0,1490.0,2680.0,2690.0,2700.0,0.0,10.5,10.5,0.79,57600.0,15400.0,13.2,6.8,6.8,IS_808_2021,9,29,"SI columns authoritative (mm, mm2, mm3, mm4, mm6); inch columns derived",ok,
ISA35X35X6,ISA35X35X6,ISA 35 x 35 x 6,ISA,0.603,0.1009,0.1009,0.011052,0.1916,0.1922,0.1062,0.1062,0.4094,0.4094,1.378,0.23622,1.378,0.23622,0.0,,1.1417,3.06,3.06,389.0,42000.0,42000.0,35,35,6.0,6.0,,5.0,0.0,10.4,10.4,1740.0,1740.0,3140.0,3150.0,4600.0,0.0,10.9,10.9,0.79,66100.0,18000.0,13.0,6.8,6.8,IS_808_2021,9,29,"SI columns authoritative (mm, mm2, mm3, mm4, mm6); inch columns derived",ok,
ISA40X20X3,ISA40X20X3,ISA 40 x 20 x 3,ISA,0.2697,0.0697,0.0118,0.001225,0.119,0.036,0.0677,0.0195,0.5039,0.2087,1.5748,0.11811,0.7874,0.11811,0.0,,1.4567,1.37,1.37,174.0,29000.0,4900.0,40,20,3.0,3.0,,4.0,0.0,12.8,5.3,1110.0,320.0,1950.0,590.0,510.0,0.0,14.3,4.5,0.25,30400.0,3200.0,13.2,4.3,4.3,IS_808_2021,12,38,"SI columns authoritative (mm, mm2, mm3, mm4, mm6); inch columns derived",ok,
ISA40X25X3,ISA40X25X3,ISA 40 x 25 x 3,ISA,0.2961,0.0747,0.0226,0.001321,0.1269,0.0549,0.0708,0.0299,0.5,0.2756,1.5748,0.11811,0.9843,0.11811,0.0,,1.4567,1.5,1.5,191.0,31100.0,9400.0,40,25,3.0,3.0,,5.0,0.0,12.7,7.0,1160.0,490.0,2080.0,900.0,550.0,0.0,13.2,5.9,0.37,34800.0,5700.0,13.5,5.4,5.4,IS_808_2021,11,35,"SI columns authoritative (mm, mm2, mm3, mm4, mm6); inch columns derived",ok,
ISA40X20X4,ISA40X20X4,ISA 40 x 20 x 4,ISA,0.3519,0.0889,0.0149,0.002859,0.1538,0.0476,0.0885,0.025,0.5,0.2047,1.5748,0.15748,0.7874,0.15748,0.0,,1.4173,1.79,1.79,227.0,37000.0,6200.0,40,20,4.0,4.0,,4.0,0.0,12.7,5.2,1450.0,410.0,2520.0,780.0,1190.0,0.0,14.7,4.9,0.25,38600.0,4100.0,13.0,4.2,4.2,IS_808_2021,12,38,"SI columns authoritative (mm, mm2, mm3, mm4, mm6); inch columns derived",ok,
ISA40X40X3,ISA40X40X3,ISA 40 x 40 x 3,ISA,0.3674,0.0867,0.0867,0.001658,0.1355,0.1367,0.0757,0.0757,0.4843,0.4843,1.5748,0.11811,1.5748,0.11811,0.0,,1.4567,1.86,1.86,237.0,36100.0,36100.0,40,40,3.0,3.0,,5.5,0.0,12.3,12.3,1240.0,1240.0,2220.0,2240.0,690.0,0.0,10.9,10.9,0.79,57200.0,15100.0,15.5,8.0,8.0,IS_808_2021,9,30,"SI columns authoritative (mm, mm2, mm3, mm4, mm6); inch columns derived",ok,
ISA40X25X4,ISA40X25X4,ISA 40 x 25 x 4,ISA,0.386,0.0954,0.0286,0.003123,0.1642,0.072,0.0915,0.0391,0.4961,0.2717,1.5748,0.15748,0.9843,0.15748,0.0,,1.4173,1.96,1.96,249.00000000000003,39700.0,11900.0,40,25,4.0,4.0,,5.0,0.0,12.6,6.9,1500.0,640.0,2690.0,1180.0,1300.0,0.0,13.6,6.3,0.36,44400.0,7200.0,13.3,5.4,5.4,IS_808_2021,11,35,"SI columns authoritative (mm, mm2, mm3, mm4, mm6); inch columns derived",ok,
ISA40X20X5,ISA40X20X5,ISA 40 x 20 x 5,ISA,0.4309,0.1057,0.0175,0.005502,0.1861,0.0592,0.1074,0.0299,0.4921,0.2008,1.5748,0.19685,0.7874,0.19685,0.0,,1.378,2.19,2.19,278.0,44000.0,7300.0,40,20,5.0,5.0,,4.0,0.0,12.5,5.1,1760.0,490.0,3050.0,970.0,2290.0,0.0,15.1,5.2,0.24,46200.0,4900.0,12.9,4.2,4.2,IS_808_2021,12,38,"SI columns authoritative (mm, mm2, mm3, mm4, mm6); inch columns derived",ok,
ISA40X25X5,ISA40X25X5,ISA 40 x 25 x 5,ISA,0.4728,0.1144,0.0341,0.006006,0.1995,0.0885,0.1117,0.047,0.4921,0.2677,1.5748,0.19685,0.9843,0.19685,0.0,,1.378,2.4,2.4,305.0,47600.0,14200.0,40,25,5.0,5.0,,5.0,0.0,12.5,6.8,1830.0,770.0,3270.0,1450.0,2500.0,0.0,14.0,6.7,0.36,53100.0,8700.0,13.2,5.3,5.3,IS_808_2021,11,35,"SI columns authoritative (mm, mm2, mm3, mm4, mm6); inch columns derived",ok,
ISA40X40X4,ISA40X40X4,ISA 40 x 40 x 4,ISA,0.4805,0.1112,0.1112,0.003892,0.177,0.1782,0.0989,0.0989,0.4803,0.4803,1.5748,0.15748,1.5748,0.15748,0.0,,1.4173,2.44,2.44,310.0,46300.0,46300.0,40,40,4.0,4.0,,5.5,0.0,12.2,12.2,1620.0,1620.0,2900.0,2920.0,1620.0,0.0,11.3,11.3,0.79,73400.0,19300.0,15.4,7.9,7.9,IS_808_2021,9,30,"SI columns authoritative (mm, mm2, mm3, mm4, mm6); inch columns derived",ok,
ISA40X25X6,ISA40X25X6,ISA 40 x 25 x 6,ISA,0.5565,0.1321,0.0389,0.010187,0.2325,0.105,0.1312,0.0549,0.4882,0.2638,1.5748,0.23622,0.9843,0.23622,0.0,,1.3386,2.82,2.82,359.0,55000.0,16200.000000000002,40,25,6.0,6.0,,5.0,0.0,12.4,6.7,2150.0,900.0,3810.0,1720.0,4240.0,0.0,14.4,7.0,0.35,61000.0,10200.0,13.0,5.3,5.3,IS_808_2021,11,35,"SI columns authoritative (mm, mm2, mm3, mm4, mm6); inch columns derived",ok,
ISA40X40X5,ISA40X40X5,ISA 40 x 40 x 5,ISA,0.5906,0.1341,0.1341,0.007496,0.2166,0.2179,0.1202,0.1202,0.4764,0.4764,1.5748,0.19685,1.5748,0.19685,0.0,,1.378,2.99,2.99,381.0,55800.0,55800.0,40,40,5.0,5.0,,5.5,0.0,12.1,12.1,1970.0,1970.0,3550.0,3570.0,3120.0,0.0,11.7,11.7,0.79,88300.0,23300.0,15.2,7.8,7.8,IS_808_2021,9,30,"SI columns authoritative (mm, mm2, mm3, mm4, mm6); inch columns derived",ok,
ISA40X40X6,ISA40X40X6,ISA 40 x 40 x 6,ISA,0.6975,0.1552,0.1552,0.012781,0.2545,0.2557,0.1416,0.1416,0.4724,0.4724,1.5748,0.23622,1.5748,0.23622,0.0,,1.3386,3.54,3.54,450.0,64600.0,64600.0,40,40,6.0,6.0,,5.5,0.0,12.0,12.0,2320.0,2320.0,4170.0,4190.0,5320.0,0.0,12.1,12.1,0.79,102000.0,27300.0,15.0,7.8,7.8,IS_808_2021,9,30,"SI columns authoritative (mm, mm2, mm3, mm4, mm6); inch columns derived",ok,
ISA45X30X3,ISA45X30X3,ISA 45 x 30 x 3,ISA,0.3426,0.1098,0.0396,0.001538,0.1648,0.0787,0.0909,0.0439,0.5669,0.3386,1.7717,0.11811,1.1811,0.11811,0.0,,1.6535,1.74,1.74,221.0,45700.0,16500.0,45,30,3.0,3.0,,5.0,0.0,14.4,8.6,1490.0,720.0,2700.0,1290.0,640.0,0.0,14.4,7.1,0.41,52600.0,9600.0,15.4,6.6,6.6,IS_808_2021,11,35,"SI columns authoritative (mm, mm2, mm3, mm4, mm6); inch columns derived",ok,
ISA45X45X3,ISA45X45X3,ISA 45 x 45 x 3,ISA,0.4139,0.1249,0.1249,0.001874,0.1733,0.1745,0.0964,0.0964,0.5472,0.5472,1.7717,0.11811,1.7717,0.11811,0.0,,1.6535,2.1,2.1,267.0,52000.0,52000.0,45,45,3.0,3.0,,5.5,0.0,13.9,13.9,1580.0,1580.0,2840.0,2860.0,780.0,0.0,12.2,12.2,0.79,82000.0,21700.0,17.6,9.0,9.0,IS_808_2021,9,30,"SI columns authoritative (mm, mm2, mm3, mm4, mm6); inch columns derived",ok,
ISA45X30X4,ISA45X30X4,ISA 45 x 30 x 4,ISA,0.448,0.141,0.0505,0.003628,0.2136,0.1031,0.119,0.0568,0.5591,0.3346,1.7717,0.15748,1.1811,0.15748,0.0,,1.6142,2.27,2.27,289.0,58700.0,21000.0,45,30,4.0,4.0,,5.0,0.0,14.2,8.5,1950.0,930.0,3500.0,1690.0,1510.0,0.0,14.8,7.4,0.41,67500.0,12200.0,15.3,6.5,6.5,IS_808_2021,11,35,"SI columns authoritative (mm, mm2, mm3, mm4, mm6); inch columns derived",ok,
ISA45X45X4,ISA45X45X4,ISA 45 x 45 x 4,ISA,0.5425,0.161,0.161,0.004397,0.2264,0.2276,0.1263,0.1263,0.5433,0.5433,1.7717,0.15748,1.7717,0.15748,0.0,,1.6142,2.75,2.75,350.0,67000.0,67000.0,45,45,4.0,4.0,,5.5,0.0,13.8,13.8,2070.0,2070.0,3710.0,3730.0,1830.0,0.0,12.6,12.6,0.79,106000.0,27800.0,17.4,8.9,8.9,IS_808_2021,9,30,"SI columns authoritative (mm, mm2, mm3, mm4, mm6); inch columns derived",ok,
ISA45X30X5,ISA45X30X5,ISA 45 x 30 x 5,ISA,0.5503,0.1701,0.0603,0.006991,0.2606,0.1269,0.1452,0.069,0.5551,0.3307,1.7717,0.19685,1.1811,0.19685,0.0,,1.5748,2.79,2.79,355.0,70800.0,25099.999999999996,45,30,5.0,5.0,,5.0,0.0,14.1,8.4,2380.0,1130.0,4270.0,2080.0,2910.0,0.0,15.2,7.8,0.4,81100.0,14800.0,15.1,6.4,6.4,IS_808_2021,11,35,"SI columns authoritative (mm, mm2, mm3, mm4, mm6); inch columns derived",ok,
ISA45X30X6,ISA45X30X6,ISA 45 x 30 x 6,ISA,0.6495,0.1972,0.0694,0.011916,0.3051,0.1501,0.1703,0.0806,0.5512,0.3268,1.7717,0.23622,1.1811,0.23622,0.0,,1.5354,3.29,3.29,419.00000000000006,82100.00000000001,28900.0,45,30,6.0,6.0,,5.0,0.0,14.0,8.3,2790.0,1320.0,5000.0,2460.0,4960.0,0.0,15.6,8.2,0.4,93700.0,17300.0,14.9,6.4,6.4,IS_808_2021,11,35,"SI columns authoritative (mm, mm2, mm3, mm4, mm6); inch columns derived",ok,
ISA45X45X5,ISA45X45X5,ISA 45 x 45 x 5,ISA,0.6681,0.1946,0.1946,0.008505,0.2777,0.2789,0.1544,0.1544,0.5394,0.5394,1.7717,0.19685,1.7717,0.19685,0.0,,1.5748,3.39,3.39,430.99999999999994,81000.0,81000.0,45,45,5.0,5.0,,5.5,0.0,13.7,13.7,2530.0,2530.0,4550.0,4570.0,3540.0,0.0,13.0,13.0,0.79,128000.0,33700.0,17.2,8.8,8.8,IS_808_2021,9,30,"SI columns authoritative (mm, mm2, mm3, mm4, mm6); inch columns derived",ok,
ISA45X45X6,ISA45X45X6,ISA 45 x 45 x 6,ISA,0.7905,0.2263,0.2263,0.014511,0.3271,0.3283,0.1819,0.1819,0.5354,0.5354,1.7717,0.23622,1.7717,0.23622,0.0,,1.5354,4.01,4.01,509.99999999999994,94200.0,94200.0,45,45,6.0,6.0,,5.5,0.0,13.6,13.6,2980.0,2980.0,5360.0,5380.0,6040.0,0.0,13.4,13.4,0.79,149000.0,39400.0,17.1,8.8,8.8,IS_808_2021,9,30,"SI columns authoritative (mm, mm2, mm3, mm4, mm6); inch columns derived",ok,
ISA50X30X3,ISA50X30X3,ISA 50 x 30 x 3,ISA,0.3674,0.1473,0.0406,0.001658,0.2002,0.0799,0.1117,0.0445,0.6339,0.3307,1.9685,0.11811,1.1811,0.11811,0.0,,1.8504,1.86,1.86,237.0,61300.0,16900.0,50,30,3.0,3.0,,5.5,0.0,16.1,8.4,1830.0,730.0,3280.0,1310.0,690.0,0.0,16.4,6.7,0.35,67900.0,10300.0,16.9,6.6,6.6,IS_808_2021,11,35,"SI columns authoritative (mm, mm2, mm3, mm4, mm6); inch columns derived",ok,
ISA50X50X3,ISA50X50X3,ISA 50 x 50 x 3,ISA,0.4635,0.1732,0.1732,0.00209,0.2154,0.2166,0.1202,0.1202,0.6102,0.6102,1.9685,0.11811,1.9685,0.11811,0.0,,1.8504,2.34,2.34,299.0,72100.0,72100.0,50,50,3.0,3.0,,6.0,0.0,15.5,15.5,1970.0,1970.0,3530.0,3550.0,870.0,0.0,13.4,13.4,0.79,114000.0,30100.0,19.6,10.0,10.0,IS_808_2021,9,30,"SI columns authoritative (mm, mm2, mm3, mm4, mm6); inch columns derived",ok,
ISA50X30X4,ISA50X30X4,ISA 50 x 30 x 4,ISA,0.4805,0.1896,0.0517,0.003892,0.26,0.105,0.1452,0.0574,0.626,0.3268,1.9685,0.15748,1.1811,0.15748,0.0,,1.811,2.44,2.44,310.0,78900.0,21500.0,50,30,4.0,4.0,,5.5,0.0,15.9,8.3,2380.0,940.0,4260.0,1720.0,1620.0,0.0,16.9,7.1,0.34,87300.0,13200.0,16.8,6.5,6.5,IS_808_2021,11,35,"SI columns authoritative (mm, mm2, mm3, mm4, mm6); inch columns derived",ok,
ISA50X30X5,ISA50X30X5,ISA 50 x 30 x 5,ISA,0.5906,0.229,0.062,0.007496,0.3167,0.13,0.1782,0.0702,0.622,0.3228,1.9685,0.19685,1.1811,0.19685,0.0,,1.7717,2.99,2.99,381.0,95300.0,25800.0,50,30,5.0,5.0,,5.5,0.0,15.8,8.2,2920.0,1150.0,5190.0,2130.0,3120.0,0.0,17.3,7.5,0.34,105000.0,15900.0,16.6,6.5,6.5,IS_808_2021,11,36,"SI columns authoritative (mm, mm2, mm3, mm4, mm6); inch columns derived",ok,
ISA50X50X4,ISA50X50X4,ISA 50 x 50 x 4,ISA,0.6076,0.2239,0.2239,0.004901,0.2819,0.2832,0.1568,0.1568,0.6063,0.6063,1.9685,0.15748,1.9685,0.15748,0.0,,1.811,3.08,3.08,392.0,93200.0,93200.0,50,50,4.0,4.0,,6.0,0.0,15.4,15.4,2570.0,2570.0,4620.0,4640.0,2040.0,0.0,13.8,13.8,0.79,148000.0,38600.0,19.4,9.9,9.9,IS_808_2021,9,30,"SI columns authoritative (mm, mm2, mm3, mm4, mm6); inch columns derived",ok,
ISA50X30X6,ISA50X30X6,ISA 50 x 30 x 6,ISA,0.6975,0.2667,0.0714,0.012781,0.3716,0.1538,0.2093,0.0818,0.6181,0.3189,1.9685,0.23622,1.1811,0.23622,0.0,,1.7323,3.54,3.54,450.0,111000.0,29700.000000000004,50,30,6.0,6.0,,5.5,0.0,15.7,8.1,3430.0,1340.0,6090.0,2520.0,5320.0,0.0,17.7,7.9,0.33,122000.0,18600.0,16.4,6.4,6.4,IS_808_2021,11,36,"SI columns authoritative (mm, mm2, mm3, mm4, mm6); inch columns derived",ok,
ISA50X50X5,ISA50X50X5,ISA 50 x 50 x 5,ISA,0.7487,0.2715,0.2715,0.00949,0.346,0.3478,0.1928,0.1928,0.6024,0.6024,1.9685,0.19685,1.9685,0.19685,0.0,,1.7717,3.79,3.79,483.0,113000.0,113000.0,50,50,5.0,5.0,,6.0,0.0,15.3,15.3,3160.0,3160.0,5670.0,5700.0,3950.0,0.0,14.2,14.2,0.79,179000.0,46900.0,19.3,9.9,9.9,IS_808_2021,9,30,"SI columns authoritative (mm, mm2, mm3, mm4, mm6); inch columns derived",ok,
ISA50X50X6,ISA50X50X6,ISA 50 x 50 x 6,ISA,0.8866,0.3171,0.3171,0.016241,0.4082,0.4095,0.227,0.227,0.5984,0.5984,1.9685,0.23622,1.9685,0.23622,0.0,,1.7323,4.49,4.49,572.0,132000.0,132000.0,50,50,6.0,6.0,,6.0,0.0,15.2,15.2,3720.0,3720.0,6690.0,6710.0,6760.0,0.0,14.6,14.6,0.79,208000.0,54800.0,19.1,9.8,9.8,IS_808_2021,9,30,"SI columns authoritative (mm, mm2, mm3, mm4, mm6); inch columns derived",ok,
ISA50X50X7,ISA50X50X7,ISA 50 x 50 x 7,ISA,1.0215,0.358,0.358,0.025467,0.4681,0.4699,0.26,0.26,0.5945,0.5945,1.9685,0.27559,1.9685,0.27559,0.0,,1.6929,5.17,5.17,659.0,149000.0,149000.0,50,50,7.0,7.0,,6.0,0.0,15.1,15.1,4260.0,4260.0,7670.0,7700.0,10600.0,0.0,15.0,15.0,0.79,236000.0,62700.0,18.9,9.8,9.8,IS_808_2021,10,33,"SI columns authoritative (mm, mm2, mm3, mm4, mm6); inch columns derived",ok,
ISA50X50X8,ISA50X50X8,ISA 50 x 50 x 8,ISA,1.1532,0.3988,0.3988,0.037719,0.526,0.5279,0.2923,0.2923,0.5866,0.5866,1.9685,0.31496,1.9685,0.31496,0.0,,1.6535,5.84,5.84,744.0,166000.0,166000.0,50,50,8.0,8.0,,6.0,0.0,14.9,14.9,4790.0,4790.0,8620.0,8650.0,15700.0,0.0,15.4,15.4,0.79,262000.0,70300.0,18.8,9.7,9.7,IS_808_2021,10,33,"SI columns authoritative (mm, mm2, mm3, mm4, mm6); inch columns derived",ok,
ISA55X55X4,ISA55X55X4,ISA 55 x 55 x 4,ISA,0.6712,0.3003,0.3003,0.00543,0.3436,0.3454,0.1916,0.1916,0.6693,0.6693,2.1654,0.15748,2.1654,0.15748,0.0,,2.0079,3.4,3.4,433.0,125000.0,125000.0,55,55,4.0,4.0,,6.5,0.0,17.0,17.0,3140.0,3140.0,5630.0,5660.0,2260.0,0.0,15.0,15.0,0.79,199000.0,52000.0,21.4,11.0,11.0,IS_808_2021,9,30,"SI columns authoritative (mm, mm2, mm3, mm4, mm6); inch columns derived",ok,
ISA55X55X5,ISA55X55X5,ISA 55 x 55 x 5,ISA,0.8277,0.3652,0.3652,0.010499,0.4223,0.4241,0.2349,0.2349,0.6654,0.6654,2.1654,0.19685,2.1654,0.19685,0.0,,1.9685,4.19,4.19,534.0,152000.0,152000.0,55,55,5.0,5.0,,6.5,0.0,16.9,16.9,3850.0,3850.0,6920.0,6950.0,4370.0,0.0,15.4,15.4,0.79,242000.0,63100.0,21.3,10.9,10.9,IS_808_2021,9,30,"SI columns authoritative (mm, mm2, mm3, mm4, mm6); inch columns derived",ok,
ISA55X55X6,ISA55X55X6,ISA 55 x 55 x 6,ISA,0.9812,0.4276,0.4276,0.017971,0.4986,0.5004,0.2777,0.2777,0.6614,0.6614,2.1654,0.23622,2.1654,0.23622,0.0,,1.9291,4.97,4.97,633.0,178000.0,178000.0,55,55,6.0,6.0,,6.5,0.0,16.8,16.8,4550.0,4550.0,8170.0,8200.0,7480.0,0.0,15.8,15.8,0.79,282000.0,73900.0,21.1,10.8,10.8,IS_808_2021,9,30,"SI columns authoritative (mm, mm2, mm3, mm4, mm6); inch columns derived",ok,
ISA55X55X8,ISA55X55X8,ISA 55 x 55 x 8,ISA,1.2788,0.5406,0.5406,0.041804,0.6407,0.6469,0.3582,0.3582,0.6496,0.6496,2.1654,0.31496,2.1654,0.31496,0.0,,1.8504,6.48,6.48,825.0,225000.0,225000.0,55,55,8.0,8.0,,6.5,0.0,16.5,16.5,5870.0,5870.0,10500.0,10600.0,17400.0,0.0,16.6,16.6,0.79,356000.0,94800.0,20.8,10.7,10.7,IS_808_2021,9,30,"SI columns authoritative (mm, mm2, mm3, mm4, mm6); inch columns derived",ok,
ISA55X55X10,ISA55X55X10,ISA 55 x 55 x 10,ISA,1.55,0.6439,0.6439,0.080004,0.7811,0.7811,0.4339,0.4339,0.6417,0.6417,2.1654,0.3937,2.1654,0.3937,0.0,,1.7717,7.92,7.92,1000.0,268000.0,268000.0,55,55,10.0,10.0,,6.5,0.0,16.3,16.3,7110.0,7110.0,12800.0,12800.0,33300.0,0.0,17.3,17.3,0.79,421000.0,115000.0,20.4,10.7,10.7,IS_808_2021,10,33,"SI columns authoritative (mm, mm2, mm3, mm4, mm6); inch columns derived",ok,
ISA60X30X5,ISA60X30X5,ISA 60 x 30 x 5,ISA,0.6712,0.382,0.0649,0.008505,0.4418,0.1349,0.2526,0.0714,0.7559,0.311,2.3622,0.19685,1.1811,0.19685,0.0,,2.1654,3.4,3.4,433.0,159000.0,27000.0,60,30,5.0,5.0,,6.0,0.0,19.2,7.9,4140.0,1170.0,7240.0,2210.0,3540.0,0.0,21.6,6.9,0.25,168000.0,17600.0,19.7,6.4,6.4,IS_808_2021,12,38,"SI columns authoritative (mm, mm2, mm3, mm4, mm6); inch columns derived",ok,
ISA60X60X4,ISA60X60X4,ISA 60 x 60 x 4,ISA,0.7332,0.394,0.394,0.005934,0.4113,0.4131,0.2294,0.2294,0.7323,0.7323,2.3622,0.15748,2.3622,0.15748,0.0,,2.2047,3.71,3.71,473.00000000000006,164000.0,164000.0,60,60,4.0,4.0,,6.5,0.0,18.6,18.6,3760.0,3760.0,6740.0,6770.0,2470.0,0.0,16.3,16.3,0.79,260000.0,68000.0,23.5,12.0,12.0,IS_808_2021,9,30,"SI columns authoritative (mm, mm2, mm3, mm4, mm6); inch columns derived",ok,
ISA60X40X5,ISA60X40X5,ISA 60 x 40 x 5,ISA,0.7487,0.4204,0.1509,0.00949,0.4778,0.2301,0.2655,0.1269,0.752,0.4488,2.3622,0.19685,1.5748,0.19685,0.0,,2.1654,3.79,3.79,483.0,175000.0,62800.0,60,40,5.0,5.0,,6.0,0.0,19.1,11.4,4350.0,2080.0,7830.0,3770.0,3950.0,0.0,19.7,9.8,0.41,202000.0,36500.0,20.4,8.7,8.7,IS_808_2021,11,36,"SI columns authoritative (mm, mm2, mm3, mm4, mm6); inch columns derived",ok,
ISA60X30X6,ISA60X30X6,ISA 60 x 30 x 6,ISA,0.7936,0.4445,0.0747,0.014511,0.5187,0.1611,0.2978,0.0836,0.748,0.3071,2.3622,0.23622,1.1811,0.23622,0.0,,2.126,4.02,4.02,512.0,185000.0,31100.0,60,30,6.0,6.0,,6.0,0.0,19.0,7.8,4880.0,1370.0,8500.0,2640.0,6040.0,0.0,22.1,7.3,0.25,196000.0,20600.0,19.6,6.3,6.3,IS_808_2021,12,38,"SI columns authoritative (mm, mm2, mm3, mm4, mm6); inch columns derived",ok,
ISA60X40X6,ISA60X40X6,ISA 60 x 40 x 6,ISA,0.8866,0.4925,0.1751,0.016241,0.562,0.2728,0.3131,0.1495,0.7441,0.4449,2.3622,0.23622,1.5748,0.23622,0.0,,2.126,4.49,4.49,572.0,205000.0,72900.0,60,40,6.0,6.0,,6.0,0.0,18.9,11.3,5130.0,2450.0,9210.0,4470.0,6760.0,0.0,20.1,10.2,0.41,235000.0,42600.0,20.3,8.6,8.6,IS_808_2021,11,36,"SI columns authoritative (mm, mm2, mm3, mm4, mm6); inch columns derived",ok,
ISA60X60X5,ISA60X60X5,ISA 60 x 60 x 5,ISA,0.9052,0.4805,0.4805,0.011508,0.5065,0.5077,0.2819,0.2819,0.7283,0.7283,2.3622,0.19685,2.3622,0.19685,0.0,,2.1654,4.58,4.58,584.0,200000.0,200000.0,60,60,5.0,5.0,,6.5,0.0,18.5,18.5,4620.0,4620.0,8300.0,8320.0,4790.0,0.0,16.7,16.7,0.79,317000.0,82600.0,23.3,11.9,11.9,IS_808_2021,9,30,"SI columns authoritative (mm, mm2, mm3, mm4, mm6); inch columns derived",ok,
ISA60X40X7,ISA60X40X7,ISA 60 x 40 x 7,ISA,1.0215,0.5598,0.1977,0.025467,0.6407,0.3149,0.3594,0.1709,0.7402,0.4409,2.3622,0.27559,1.5748,0.27559,0.0,,2.0866,5.17,5.17,659.0,233000.0,82300.0,60,40,7.0,7.0,,6.0,0.0,18.8,11.2,5890.0,2800.0,10500.0,5160.0,10600.0,0.0,20.5,10.6,0.4,266000.0,48600.0,20.1,8.6,8.6,IS_808_2021,12,38,"SI columns authoritative (mm, mm2, mm3, mm4, mm6); inch columns derived",ok,
ISA60X60X6,ISA60X60X6,ISA 60 x 60 x 6,ISA,1.0742,0.5622,0.5622,0.019701,0.5986,0.6005,0.3332,0.3332,0.7244,0.7244,2.3622,0.23622,2.3622,0.23622,0.0,,2.126,5.44,5.44,693.0,234000.0,234000.0,60,60,6.0,6.0,,6.5,0.0,18.4,18.4,5460.0,5460.0,9810.0,9840.0,8200.0,0.0,17.1,17.1,0.79,371000.0,96900.0,23.1,11.8,11.8,IS_808_2021,9,30,"SI columns authoritative (mm, mm2, mm3, mm4, mm6); inch columns derived",ok,
ISA60X40X8,ISA60X40X8,ISA 60 x 40 x 8,ISA,1.1532,0.6222,0.2191,0.037719,0.7201,0.3558,0.404,0.1916,0.7362,0.437,2.3622,0.31496,1.5748,0.31496,0.0,,2.0472,5.84,5.84,744.0,259000.0,91199.99999999999,60,40,8.0,8.0,,6.0,0.0,18.7,11.1,6620.0,3140.0,11800.0,5830.0,15700.0,0.0,20.8,10.9,0.4,296000.0,54500.0,19.9,8.6,8.6,IS_808_2021,11,36,"SI columns authoritative (mm, mm2, mm3, mm4, mm6); inch columns derived",ok,
ISA60X60X8,ISA60X60X8,ISA 60 x 60 x 8,ISA,1.4028,0.7159,0.7159,0.045888,0.775,0.775,0.4308,0.4308,0.7126,0.7126,2.3622,0.31496,2.3622,0.31496,0.0,,2.0472,7.1,7.1,905.0000000000001,298000.0,298000.0,60,60,8.0,8.0,,6.5,0.0,18.1,18.1,7060.0,7060.0,12700.0,12700.0,19100.0,0.0,17.8,17.8,0.79,471000.0,124000.0,22.8,11.7,11.7,IS_808_2021,9,30,"SI columns authoritative (mm, mm2, mm3, mm4, mm6); inch columns derived",ok,
ISA60X60X10,ISA60X60X10,ISA 60 x 60 x 10,ISA,1.705,0.8529,0.8529,0.087932,0.9398,0.9398,0.523,0.523,0.7047,0.7047,2.3622,0.3937,2.3622,0.3937,0.0,,1.9685,8.71,8.71,1100.0,355000.0,355000.0,60,60,10.0,10.0,,6.5,0.0,17.9,17.9,8570.0,8570.0,15400.0,15400.0,36600.0,0.0,18.6,18.6,0.79,559000.0,151000.0,22.5,11.7,11.7,IS_808_2021,10,33,"SI columns authoritative (mm, mm2, mm3, mm4, mm6); inch columns derived",ok,
ISA65X65X4,ISA65X65X4,ISA 65 x 65 x 4,ISA,0.7952,0.5045,0.5045,0.006439,0.4851,0.487,0.2703,0.2703,0.7953,0.7953,2.5591,0.15748,2.5591,0.15748,0.0,,2.4016,4.03,4.03,513.0,210000.0,210000.0,65,65,4.0,4.0,,6.5,0.0,20.2,20.2,4430.0,4430.0,7950.0,7980.0,2680.0,0.0,17.5,17.5,0.79,334000.0,86900.0,25.5,13.0,13.0,IS_808_2021,9,30,"SI columns authoritative (mm, mm2, mm3, mm4, mm6); inch columns derived",ok,
ISA65X45X5,ISA65X45X5,ISA 65 x 45 x 5,ISA,0.8262,0.5478,0.2167,0.010499,0.5694,0.2911,0.3149,0.1617,0.815,0.5118,2.5591,0.19685,1.7717,0.19685,0.0,,2.3622,4.18,4.18,533.0,228000.0,90200.0,65,45,5.0,5.0,,6.0,0.0,20.7,13.0,5160.0,2650.0,9330.0,4770.0,4370.0,0.0,20.9,11.0,0.44,267000.0,51200.0,22.4,9.8,9.8,IS_808_2021,11,36,"SI columns authoritative (mm, mm2, mm3, mm4, mm6); inch columns derived",ok,
ISA65X50X5,ISA65X50X5,ISA 65 x 50 x 5,ISA,0.8649,0.567,0.2931,0.011003,0.5816,0.357,0.3204,0.1995,0.811,0.5827,2.5591,0.19685,1.9685,0.19685,0.0,,2.3622,4.38,4.38,558.0,236000.0,122000.0,65,50,5.0,5.0,,6.0,0.0,20.6,14.8,5250.0,3270.0,9530.0,5850.0,4580.0,0.0,20.0,12.6,0.52,293000.0,64800.0,22.9,10.8,10.8,IS_808_2021,12,38,"SI columns authoritative (mm, mm2, mm3, mm4, mm6); inch columns derived",ok,
ISA65X45X6,ISA65X45X6,ISA 65 x 45 x 6,ISA,0.9796,0.6415,0.2523,0.017971,0.6713,0.3454,0.3722,0.1904,0.811,0.5079,2.5591,0.23622,1.7717,0.23622,0.0,,2.3228,4.96,4.96,632.0,267000.0,105000.0,65,45,6.0,6.0,,6.0,0.0,20.6,12.9,6100.0,3120.0,11000.0,5660.0,7480.0,0.0,21.3,11.4,0.44,312000.0,59900.0,22.2,9.7,9.7,IS_808_2021,11,36,"SI columns authoritative (mm, mm2, mm3, mm4, mm6); inch columns derived",ok,
ISA65X65X5,ISA65X65X5,ISA 65 x 65 x 5,ISA,0.9827,0.6174,0.6174,0.012493,0.598,0.5999,0.3326,0.3326,0.7913,0.7913,2.5591,0.19685,2.5591,0.19685,0.0,,2.3622,4.98,4.98,634.0,257000.0,257000.0,65,65,5.0,5.0,,6.5,0.0,20.1,20.1,5450.0,5450.0,9800.0,9830.0,5200.0,0.0,17.9,17.9,0.79,408000.0,106000.0,25.4,12.9,12.9,IS_808_2021,9,30,"SI columns authoritative (mm, mm2, mm3, mm4, mm6); inch columns derived",ok,
ISA65X50X6,ISA65X50X6,ISA 65 x 50 x 6,ISA,1.0261,0.6631,0.3412,0.018836,0.6835,0.4229,0.3783,0.2349,0.8031,0.5787,2.5591,0.23622,1.9685,0.23622,0.0,,2.3228,5.19,5.19,662.0,276000.0,142000.0,65,50,6.0,6.0,,6.0,0.0,20.4,14.7,6200.0,3850.0,11200.0,6930.0,7840.0,0.0,20.4,13.0,0.52,343000.0,75900.0,22.8,10.7,10.7,IS_808_2021,12,38,"SI columns authoritative (mm, mm2, mm3, mm4, mm6); inch columns derived",ok,
ISA65X65X6,ISA65X65X6,ISA 65 x 65 x 6,ISA,1.1672,0.7232,0.7232,0.02143,0.7018,0.7079,0.3936,0.3936,0.7874,0.7874,2.5591,0.23622,2.5591,0.23622,0.0,,2.3228,5.91,5.91,753.0,301000.0,301000.0,65,65,6.0,6.0,,6.5,0.0,20.0,20.0,6450.0,6450.0,11500.0,11600.0,8920.0,0.0,18.3,18.3,0.79,478000.0,124000.0,25.2,12.8,12.8,IS_808_2021,9,30,"SI columns authoritative (mm, mm2, mm3, mm4, mm6); inch columns derived",ok,
ISA65X50X7,ISA65X50X7,ISA 65 x 50 x 7,ISA,1.1842,0.7568,0.3892,0.029551,0.7872,0.4876,0.4351,0.2697,0.7992,0.5709,2.5591,0.27559,1.9685,0.27559,0.0,,2.2835,6.0,6.0,764.0,315000.0,162000.0,65,50,7.0,7.0,,6.0,0.0,20.3,14.5,7130.0,4420.0,12900.0,7990.0,12300.0,0.0,20.8,13.4,0.52,390000.0,86700.0,22.6,10.7,10.7,IS_808_2021,12,38,"SI columns authoritative (mm, mm2, mm3, mm4, mm6); inch columns derived",ok,
ISA65X45X8,ISA65X45X8,ISA 65 x 45 x 8,ISA,1.2772,0.8145,0.3171,0.041804,0.8604,0.451,0.4815,0.2453,0.7992,0.5,2.5591,0.31496,1.7717,0.31496,0.0,,2.2441,6.47,6.47,824.0,339000.0,132000.0,65,45,8.0,8.0,,6.0,0.0,20.3,12.7,7890.0,4020.0,14100.0,7390.0,17400.0,0.0,22.0,12.1,0.43,395000.0,76600.0,21.9,9.6,9.6,IS_808_2021,11,36,"SI columns authoritative (mm, mm2, mm3, mm4, mm6); inch columns derived",ok,
ISA65X50X8,ISA65X50X8,ISA 65 x 50 x 8,ISA,1.3392,0.8457,0.4325,0.043726,0.8848,0.551,0.49,0.3033,0.7953,0.5669,2.5591,0.31496,1.9685,0.31496,0.0,,2.2441,6.78,6.78,864.0,352000.0,180000.0,65,50,8.0,8.0,,6.0,0.0,20.2,14.4,8030.0,4970.0,14500.0,9030.0,18200.0,0.0,21.2,13.8,0.52,434000.0,97200.0,22.4,10.6,10.6,IS_808_2021,12,38,"SI columns authoritative (mm, mm2, mm3, mm4, mm6); inch columns derived",ok,
ISA65X65X8,ISA65X65X8,ISA 65 x 65 x 8,ISA,1.5268,0.9226,0.9226,0.049972,0.9154,0.9154,0.5102,0.5102,0.7756,0.7756,2.5591,0.31496,2.5591,0.31496,0.0,,2.2441,7.73,7.73,985.0,384000.0,384000.0,65,65,8.0,8.0,,6.5,0.0,19.7,19.7,8360.0,8360.0,15000.0,15000.0,20800.0,0.0,19.1,19.1,0.79,608000.0,160000.0,24.8,12.7,12.7,IS_808_2021,9,30,"SI columns authoritative (mm, mm2, mm3, mm4, mm6); inch columns derived",ok,
ISA65X65X10,ISA65X65X10,ISA 65 x 65 x 10,ISA,1.86,1.1028,1.1028,0.0961,1.1167,1.1167,0.6163,0.6163,0.7677,0.7677,2.5591,0.3937,2.5591,0.3937,0.0,,2.1654,9.49,9.49,1200.0,459000.0,459000.0,65,65,10.0,10.0,,6.5,0.0,19.5,19.5,10100.0,10100.0,18300.0,18300.0,40000.0,0.0,19.8,19.8,0.79,725000.0,194000.0,24.5,12.7,12.7,IS_808_2021,10,33,"SI columns authoritative (mm, mm2, mm3, mm4, mm6); inch columns derived",ok,
ISA70X45X5,ISA70X45X5,ISA 70 x 45 x 5,ISA,0.8665,0.6727,0.221,0.011003,0.653,0.2941,0.3631,0.1635,0.8819,0.5039,2.7559,0.19685,1.7717,0.19685,0.0,,2.5591,4.39,4.39,559.0,280000.0,92000.0,70,45,5.0,5.0,,6.5,0.0,22.4,12.8,5950.0,2680.0,10700.0,4820.0,4580.0,0.0,22.9,10.6,0.39,318000.0,54200.0,23.9,9.8,9.8,IS_808_2021,11,36,"SI columns authoritative (mm, mm2, mm3, mm4, mm6); inch columns derived",ok,
ISA70X50X5,ISA70X50X5,ISA 70 x 50 x 5,ISA,0.9037,0.6967,0.3003,0.011508,0.6652,0.36,0.3692,0.2014,0.878,0.5748,2.7559,0.19685,1.9685,0.19685,0.0,,2.5591,4.57,4.57,583.0,290000.0,125000.0,70,50,5.0,5.0,,6.0,0.0,22.3,14.6,6050.0,3300.0,10900.0,5900.0,4790.0,0.0,22.1,12.2,0.46,345000.0,69200.0,24.3,10.9,10.9,IS_808_2021,12,38,"SI columns authoritative (mm, mm2, mm3, mm4, mm6); inch columns derived",ok,
ISA70X45X6,ISA70X45X6,ISA 70 x 45 x 6,ISA,1.0277,0.788,0.2571,0.018836,0.7689,0.3491,0.4296,0.1922,0.878,0.5,2.7559,0.23622,1.7717,0.23622,0.0,,2.5197,5.21,5.21,663.0,328000.0,107000.0,70,45,6.0,6.0,,6.5,0.0,22.3,12.7,7040.0,3150.0,12600.0,5720.0,7840.0,0.0,23.3,11.0,0.39,372000.0,63400.0,23.7,9.8,9.8,IS_808_2021,11,36,"SI columns authoritative (mm, mm2, mm3, mm4, mm6); inch columns derived",ok,
ISA70X70X5,ISA70X70X5,ISA 70 x 70 x 5,ISA,1.0633,0.776,0.776,0.013502,0.6957,0.6957,0.3881,0.3881,0.8543,0.8543,2.7559,0.19685,2.7559,0.19685,0.0,,2.5591,5.38,5.38,686.0,323000.0,323000.0,70,70,5.0,5.0,,7.0,0.0,21.7,21.7,6360.0,6360.0,11400.0,11400.0,5620.0,0.0,19.2,19.2,0.79,513000.0,133000.0,27.4,13.9,13.9,IS_808_2021,9,31,"SI columns authoritative (mm, mm2, mm3, mm4, mm6); inch columns derived",ok,
ISA70X50X6,ISA70X50X6,ISA 70 x 50 x 6,ISA,1.0726,0.8169,0.3484,0.019701,0.7872,0.4272,0.4369,0.2374,0.874,0.5709,2.7559,0.23622,1.9685,0.23622,0.0,,2.5197,5.43,5.43,692.0,340000.0,145000.0,70,50,6.0,6.0,,6.0,0.0,22.2,14.5,7160.0,3890.0,12900.0,7000.0,8200.0,0.0,22.5,12.6,0.46,404000.0,81100.0,24.2,10.8,10.8,IS_808_2021,12,38,"SI columns authoritative (mm, mm2, mm3, mm4, mm6); inch columns derived",ok,
ISA70X50X7,ISA70X50X7,ISA 70 x 50 x 7,ISA,1.2385,0.9322,0.3964,0.030992,0.9032,0.4931,0.5022,0.2722,0.8661,0.5669,2.7559,0.27559,1.9685,0.27559,0.0,,2.4803,6.27,6.27,799.0,388000.0,165000.0,70,50,7.0,7.0,,6.0,0.0,22.0,14.4,8230.0,4460.0,14800.0,8080.0,12900.0,0.0,22.9,13.0,0.46,460000.0,92600.0,24.0,10.8,10.8,IS_808_2021,12,38,"SI columns authoritative (mm, mm2, mm3, mm4, mm6); inch columns derived",ok,
ISA70X70X6,ISA70X70X6,ISA 70 x 70 x 6,ISA,1.2633,0.913,0.913,0.02316,0.8238,0.8238,0.4595,0.4595,0.8504,0.8504,2.7559,0.23622,2.7559,0.23622,0.0,,2.5197,6.39,6.39,815.0,380000.0,380000.0,70,70,6.0,6.0,,7.0,0.0,21.6,21.6,7530.0,7530.0,13500.0,13500.0,9640.0,0.0,19.6,19.6,0.79,603000.0,156000.0,27.2,13.9,13.9,IS_808_2021,9,31,"SI columns authoritative (mm, mm2, mm3, mm4, mm6); inch columns derived",ok,
ISA70X45X8,ISA70X45X8,ISA 70 x 45 x 8,ISA,1.3408,1.0042,0.3243,0.043726,0.9947,0.4577,0.5565,0.2478,0.8661,0.4921,2.7559,0.31496,1.7717,0.31496,0.0,,2.4409,6.79,6.79,865.0,418000.0,135000.0,70,45,8.0,8.0,,6.5,0.0,22.0,12.5,9120.0,4060.0,16300.0,7500.0,18200.0,0.0,24.1,11.8,0.38,472000.0,81000.0,23.4,9.7,9.7,IS_808_2021,11,36,"SI columns authoritative (mm, mm2, mm3, mm4, mm6); inch columns derived",ok,
ISA70X50X8,ISA70X50X8,ISA 70 x 50 x 8,ISA,1.4012,1.0427,0.4421,0.045888,1.0191,0.5578,0.5663,0.3057,0.8622,0.563,2.7559,0.31496,1.9685,0.31496,0.0,,2.4409,7.09,7.09,903.9999999999999,434000.0,184000.0,70,50,8.0,8.0,,6.0,0.0,21.9,14.3,9280.0,5010.0,16700.0,9140.0,19100.0,0.0,23.3,13.3,0.46,514000.0,103000.0,23.8,10.7,10.7,IS_808_2021,12,38,"SI columns authoritative (mm, mm2, mm3, mm4, mm6); inch columns derived",ok,
ISA70X70X7,ISA70X70X7,ISA 70 x 70 x 7,ISA,1.4601,1.0427,1.0427,0.036518,0.9459,0.952,0.5285,0.5285,0.8465,0.8465,2.7559,0.27559,2.7559,0.27559,0.0,,2.4803,7.39,7.39,942.0,434000.0,434000.0,70,70,7.0,7.0,,7.0,0.0,21.5,21.5,8660.0,8660.0,15500.0,15600.0,15200.0,0.0,20.0,20.0,0.79,688000.0,179000.0,27.0,13.8,13.8,IS_808_2021,10,33,"SI columns authoritative (mm, mm2, mm3, mm4, mm6); inch columns derived",ok,
ISA70X45X10,ISA70X45X10,ISA 70 x 45 x 10,ISA,1.6275,1.2013,0.3844,0.084088,1.2022,0.5626,0.6713,0.2996,0.8543,0.4843,2.7559,0.3937,1.7717,0.3937,0.0,,2.3622,8.31,8.31,1050.0,500000.0,160000.0,70,45,10.0,10.0,,6.5,0.0,21.7,12.3,11000.0,4910.0,19700.0,9220.0,35000.0,0.0,24.9,12.5,0.37,562000.0,98100.0,23.0,9.6,9.6,IS_808_2021,11,36,"SI columns authoritative (mm, mm2, mm3, mm4, mm6); inch columns derived",ok,
ISA70X70X8,ISA70X70X8,ISA 70 x 70 x 8,ISA,1.643,1.1652,1.1652,0.054056,1.0679,1.074,0.5962,0.5962,0.8386,0.8386,2.7559,0.31496,2.7559,0.31496,0.0,,2.4409,8.37,8.37,1060.0,485000.0,485000.0,70,70,8.0,8.0,,7.0,0.0,21.3,21.3,9770.0,9770.0,17500.0,17600.0,22500.0,0.0,20.3,20.3,0.79,769000.0,201000.0,26.9,13.7,13.7,IS_808_2021,9,31,"SI columns authoritative (mm, mm2, mm3, mm4, mm6); inch columns derived",ok,
ISA70X70X10,ISA70X70X10,ISA 70 x 70 x 10,ISA,2.0305,1.4007,1.4007,0.104029,1.3059,1.312,0.7262,0.7262,0.8307,0.8307,2.7559,0.3937,2.7559,0.3937,0.0,,2.3622,10.29,10.29,1310.0,583000.0,583000.0,70,70,10.0,10.0,,7.0,0.0,21.1,21.1,11900.0,11900.0,21400.0,21500.0,43300.0,0.0,21.1,21.1,0.79,921000.0,244000.0,26.5,13.7,13.7,IS_808_2021,9,31,"SI columns authoritative (mm, mm2, mm3, mm4, mm6); inch columns derived",ok,
ISA75X50X5,ISA75X50X5,ISA 75 x 50 x 5,ISA,0.944,0.8433,0.3051,0.012013,0.7567,0.3631,0.4211,0.2026,0.9449,0.5669,2.9528,0.19685,1.9685,0.19685,0.0,,2.7559,4.78,4.78,609.0,351000.0,127000.0,75,50,5.0,5.0,,6.5,0.0,24.0,14.4,6900.0,3320.0,12400.0,5950.0,5000.0,0.0,24.1,11.8,0.41,405000.0,73200.0,25.8,11.0,11.0,IS_808_2021,11,36,"SI columns authoritative (mm, mm2, mm3, mm4, mm6); inch columns derived",ok,
ISA75X50X6,ISA75X50X6,ISA 75 x 50 x 6,ISA,1.1207,0.9898,0.3556,0.020565,0.897,0.4314,0.4986,0.2392,0.9409,0.563,2.9528,0.23622,1.9685,0.23622,0.0,,2.7165,5.68,5.68,723.0,412000.0,148000.0,75,50,6.0,6.0,,6.5,0.0,23.9,14.3,8170.0,3920.0,14700.0,7070.0,8560.0,0.0,24.5,12.2,0.41,475000.0,85700.0,25.6,10.9,10.9,IS_808_2021,11,36,"SI columns authoritative (mm, mm2, mm3, mm4, mm6); inch columns derived",ok,
ISA75X75X5,ISA75X75X5,ISA 75 x 75 x 5,ISA,1.1408,0.961,0.961,0.014511,0.8055,0.8055,0.4455,0.4455,0.9173,0.9173,2.9528,0.19685,2.9528,0.19685,0.0,,2.7559,5.77,5.77,736.0,400000.0,400000.0,75,75,5.0,5.0,,7.0,0.0,23.3,23.3,7300.0,7300.0,13200.0,13200.0,6040.0,0.0,20.4,20.4,0.79,636000.0,165000.0,29.4,15.0,15.0,IS_808_2021,9,31,"SI columns authoritative (mm, mm2, mm3, mm4, mm6); inch columns derived",ok,
ISA75X50X7,ISA75X50X7,ISA 75 x 50 x 7,ISA,1.2974,1.1316,0.4036,0.032194,1.0313,0.4986,0.5742,0.274,0.9331,0.5591,2.9528,0.27559,1.9685,0.27559,0.0,,2.6772,6.57,6.57,836.9999999999999,471000.0,168000.0,75,50,7.0,7.0,,7.0,0.0,23.7,14.2,9410.0,4490.0,16900.0,8170.0,13400.0,0.0,24.9,12.6,0.41,542000.0,98000.0,25.4,10.8,10.8,IS_808_2021,12,38,"SI columns authoritative (mm, mm2, mm3, mm4, mm6); inch columns derived",ok,
ISA75X75X6,ISA75X75X6,ISA 75 x 75 x 6,ISA,1.3563,1.1316,1.1316,0.024746,0.952,0.952,0.5309,0.5309,0.9134,0.9134,2.9528,0.23622,2.9528,0.23622,0.0,,2.7165,6.86,6.86,875.0,471000.0,471000.0,75,75,6.0,6.0,,7.0,0.0,23.2,23.2,8700.0,8700.0,15600.0,15600.0,10300.0,0.0,20.8,20.8,0.79,748000.0,194000.0,29.2,14.9,14.9,IS_808_2021,9,31,"SI columns authoritative (mm, mm2, mm3, mm4, mm6); inch columns derived",ok,
ISA75X50X8,ISA75X50X8,ISA 75 x 50 x 8,ISA,1.4648,1.2661,0.4493,0.04781,1.1595,0.5645,0.6469,0.3082,0.9291,0.5551,2.9528,0.31496,1.9685,0.31496,0.0,,2.6378,7.42,7.42,944.9999999999999,527000.0,187000.0,75,50,8.0,8.0,,6.5,0.0,23.6,14.1,10600.0,5050.0,19000.0,9250.0,19900.0,0.0,25.3,12.9,0.41,605000.0,109000.0,25.3,10.8,10.8,IS_808_2021,11,36,"SI columns authoritative (mm, mm2, mm3, mm4, mm6); inch columns derived",ok,
ISA75X75X8,ISA75X75X8,ISA 75 x 75 x 8,ISA,1.767,1.4487,1.4487,0.058141,1.2388,1.2449,0.6896,0.6896,0.9016,0.9016,2.9528,0.31496,2.9528,0.31496,0.0,,2.6378,9.0,9.0,1140.0,603000.0,603000.0,75,75,8.0,8.0,,7.0,0.0,22.9,22.9,11300.0,11300.0,20300.0,20400.0,24200.0,0.0,21.6,21.6,0.79,957000.0,249000.0,28.9,14.7,14.7,IS_808_2021,9,31,"SI columns authoritative (mm, mm2, mm3, mm4, mm6); inch columns derived",ok,
ISA75X50X10,ISA75X50X10,ISA 75 x 50 x 10,ISA,1.7825,1.5184,0.5358,0.092016,1.4096,0.6896,0.7872,0.3741,0.9213,0.5472,2.9528,0.3937,1.9685,0.3937,0.0,,2.5591,9.1,9.1,1150.0,632000.0,223000.0,75,50,10.0,10.0,,6.5,0.0,23.4,13.9,12900.0,6130.0,23100.0,11300.0,38300.0,0.0,26.1,13.7,0.4,722000.0,133000.0,25.0,10.7,10.7,IS_808_2021,11,36,"SI columns authoritative (mm, mm2, mm3, mm4, mm6); inch columns derived",ok,
ISA75X75X10,ISA75X75X10,ISA 75 x 75 x 10,ISA,2.1855,1.7442,1.7442,0.111957,1.5134,1.5195,0.8421,0.8421,0.8937,0.8937,2.9528,0.3937,2.9528,0.3937,0.0,,2.5591,11.07,11.07,1410.0,726000.0,726000.0,75,75,10.0,10.0,,7.0,0.0,22.7,22.7,13800.0,13800.0,24800.0,24900.0,46600.0,0.0,22.3,22.3,0.79,1140000.0,303000.0,28.5,14.7,14.7,IS_808_2021,9,31,"SI columns authoritative (mm, mm2, mm3, mm4, mm6); inch columns derived",ok,
ISA80X40X5,ISA80X40X5,ISA 80 x 40 x 5,ISA,0.9083,0.937,0.1619,0.011508,0.7994,0.2404,0.4595,0.1306,1.0157,0.4213,3.1496,0.19685,1.5748,0.19685,0.0,,2.9528,4.6,4.6,586.0,390000.0,67400.0,80,40,5.0,5.0,,7.0,0.0,25.8,10.7,7530.0,2140.0,13100.0,3940.0,4790.0,0.0,28.2,8.6,0.26,414000.0,43600.0,26.6,8.6,8.6,IS_808_2021,12,38,"SI columns authoritative (mm, mm2, mm3, mm4, mm6); inch columns derived",ok,
ISA80X50X5,ISA80X50X5,ISA 80 x 50 x 5,ISA,0.9858,1.0091,0.3099,0.012493,0.8543,0.3655,0.4766,0.2038,1.0118,0.563,3.1496,0.19685,1.9685,0.19685,0.0,,2.9528,4.99,4.99,636.0,420000.0,129000.0,80,50,5.0,5.0,,7.0,0.0,25.7,14.3,7810.0,3340.0,14000.0,5990.0,5200.0,0.0,26.2,11.4,0.37,473000.0,76800.0,27.3,11.0,11.0,IS_808_2021,11,36,"SI columns authoritative (mm, mm2, mm3, mm4, mm6); inch columns derived",ok,
ISA80X40X6,ISA80X40X6,ISA 80 x 40 x 6,ISA,1.0773,1.0979,0.1884,0.019701,0.9459,0.2868,0.5431,0.1538,1.0118,0.4173,3.1496,0.23622,1.5748,0.23622,0.0,,2.9134,5.45,5.45,695.0,457000.0,78400.0,80,40,6.0,6.0,,7.0,0.0,25.7,10.6,8900.0,2520.0,15500.0,4700.0,8200.0,0.0,28.6,8.9,0.25,485000.0,50900.0,26.4,8.6,8.6,IS_808_2021,12,38,"SI columns authoritative (mm, mm2, mm3, mm4, mm6); inch columns derived",ok,
ISA80X50X6,ISA80X50X6,ISA 80 x 50 x 6,ISA,1.1703,1.1868,0.3628,0.02143,1.0069,0.4351,0.5645,0.241,1.0079,0.5551,3.1496,0.23622,1.9685,0.23622,0.0,,2.9134,5.92,5.92,755.0,494000.0,151000.0,80,50,6.0,6.0,,7.0,0.0,25.6,14.1,9250.0,3950.0,16500.0,7130.0,8920.0,0.0,26.6,11.8,0.37,555000.0,89900.0,27.1,10.9,10.9,IS_808_2021,11,36,"SI columns authoritative (mm, mm2, mm3, mm4, mm6); inch columns derived",ok,
ISA80X40X7,ISA80X40X7,ISA 80 x 40 x 7,ISA,1.2431,1.2541,0.2131,0.030992,1.0862,0.3338,0.6224,0.1764,1.0039,0.4134,3.1496,0.27559,1.5748,0.27559,0.0,,2.874,6.29,6.29,802.0,522000.0,88699.99999999999,80,40,7.0,7.0,,7.0,0.0,25.5,10.5,10200.0,2890.0,17800.0,5470.0,12900.0,0.0,29.1,9.3,0.25,553000.0,58000.0,26.3,8.5,8.5,IS_808_2021,12,39,"SI columns authoritative (mm, mm2, mm3, mm4, mm6); inch columns derived",ok,
ISA80X60X6,ISA80X60X6,ISA 80 x 60 x 6,ISA,1.2679,1.2637,0.6126,0.02316,1.0557,0.6163,0.5797,0.3478,1.0,0.6969,3.1496,0.23622,2.3622,0.23622,0.0,,2.9134,6.42,6.42,818.0,526000.0,255000.0,80,60,6.0,6.0,,8.0,0.0,25.4,17.7,9500.0,5700.0,17300.0,10100.0,9640.0,0.0,24.8,15.0,0.5,643000.0,138000.0,28.0,13.0,13.0,IS_808_2021,12,39,"SI columns authoritative (mm, mm2, mm3, mm4, mm6); inch columns derived",ok,
ISA80X40X8,ISA80X40X8,ISA 80 x 40 x 8,ISA,1.4059,1.4031,0.2364,0.045888,1.2266,0.3808,0.7018,0.1983,1.0,0.4094,3.1496,0.31496,1.5748,0.31496,0.0,,2.8346,7.12,7.12,907.0,584000.0,98400.0,80,40,8.0,8.0,,7.0,0.0,25.4,10.4,11500.0,3250.0,20100.0,6240.0,19100.0,0.0,29.5,9.7,0.25,617000.0,65000.0,26.1,8.5,8.5,IS_808_2021,12,39,"SI columns authoritative (mm, mm2, mm3, mm4, mm6); inch columns derived",ok,
ISA80X80X6,ISA80X80X6,ISA 80 x 80 x 6,ISA,1.4539,1.3838,1.3838,0.026428,1.0862,1.0923,0.6041,0.6041,0.9764,0.9764,3.1496,0.23622,3.1496,0.23622,0.0,,2.9134,7.36,7.36,938.0000000000001,576000.0,576000.0,80,80,6.0,6.0,,8.0,0.0,24.8,24.8,9900.0,9900.0,17800.0,17900.0,11000.0,0.0,22.0,22.0,0.79,914000.0,237000.0,31.2,15.9,15.9,IS_808_2021,9,31,"SI columns authoritative (mm, mm2, mm3, mm4, mm6); inch columns derived",ok,
ISA80X60X7,ISA80X60X7,ISA 80 x 60 x 7,ISA,1.4648,1.4439,0.6991,0.036518,1.2144,0.714,0.6713,0.3967,0.9921,0.689,3.1496,0.27559,2.3622,0.27559,0.0,,2.874,7.42,7.42,944.9999999999999,601000.0,291000.0,80,60,7.0,7.0,,8.0,0.0,25.2,17.5,11000.0,6500.0,19900.0,11700.0,15200.0,0.0,25.2,15.4,0.5,734000.0,158000.0,27.9,12.9,12.9,IS_808_2021,12,39,"SI columns authoritative (mm, mm2, mm3, mm4, mm6); inch columns derived",ok,
ISA80X50X8,ISA80X50X8,ISA 80 x 50 x 8,ISA,1.5299,1.5184,0.4589,0.049972,1.3059,0.5712,0.7323,0.3106,0.9961,0.5472,3.1496,0.31496,1.9685,0.31496,0.0,,2.8346,7.74,7.74,986.9999999999999,632000.0,191000.0,80,50,8.0,8.0,,7.0,0.0,25.3,13.9,12000.0,5090.0,21400.0,9360.0,20800.0,0.0,27.4,12.6,0.37,708000.0,115000.0,26.8,10.8,10.8,IS_808_2021,11,36,"SI columns authoritative (mm, mm2, mm3, mm4, mm6); inch columns derived",ok,
ISA80X60X8,ISA80X60X8,ISA 80 x 60 x 8,ISA,1.6585,1.6193,0.7808,0.054056,1.3669,0.8116,0.7567,0.4455,0.9882,0.685,3.1496,0.31496,2.3622,0.31496,0.0,,2.8346,8.4,8.4,1070.0,674000.0,325000.0,80,60,8.0,8.0,,8.0,0.0,25.1,17.4,12400.0,7300.0,22400.0,13300.0,22500.0,0.0,25.6,15.7,0.5,822000.0,177000.0,27.7,12.9,12.9,IS_808_2021,12,39,"SI columns authoritative (mm, mm2, mm3, mm4, mm6); inch columns derived",ok,
ISA80X50X10,ISA80X50X10,ISA 80 x 50 x 10,ISA,1.8755,1.8259,0.5454,0.0961,1.5866,0.7018,0.8909,0.3771,0.9843,0.5394,3.1496,0.3937,1.9685,0.3937,0.0,,2.7559,9.5,9.5,1210.0,760000.0,227000.0,80,50,10.0,10.0,,7.0,0.0,25.0,13.7,14600.0,6180.0,26000.0,11500.0,40000.0,0.0,28.2,13.3,0.36,847000.0,139000.0,26.5,10.7,10.7,IS_808_2021,11,36,"SI columns authoritative (mm, mm2, mm3, mm4, mm6); inch columns derived",ok,
ISA80X80X8,ISA80X80X8,ISA 80 x 80 x 8,ISA,1.9065,1.7779,1.7779,0.062225,1.4219,1.4219,0.7872,0.7872,0.9646,0.9646,3.1496,0.31496,3.1496,0.31496,0.0,,2.8346,9.65,9.65,1230.0,740000.0,740000.0,80,80,8.0,8.0,,8.0,0.0,24.5,24.5,12900.0,12900.0,23300.0,23300.0,25900.0,0.0,22.8,22.8,0.79,1170000.0,305000.0,30.9,15.8,15.8,IS_808_2021,9,31,"SI columns authoritative (mm, mm2, mm3, mm4, mm6); inch columns derived",ok,
ISA80X80X10,ISA80X80X10,ISA 80 x 80 x 10,ISA,2.3405,2.143,2.143,0.120125,1.7331,1.7392,0.9642,0.9642,0.9567,0.9567,3.1496,0.3937,3.1496,0.3937,0.0,,2.7559,11.88,11.88,1510.0,892000.0,892000.0,80,80,10.0,10.0,,8.0,0.0,24.3,24.3,15800.0,15800.0,28400.0,28500.0,50000.0,0.0,23.6,23.6,0.79,1410000.0,371000.0,30.5,15.7,15.7,IS_808_2021,9,31,"SI columns authoritative (mm, mm2, mm3, mm4, mm6); inch columns derived",ok,
ISA80X80X12,ISA80X80X12,ISA 80 x 80 x 12,ISA,2.7745,2.4746,2.4746,0.204694,2.0382,2.0443,1.1289,1.1289,0.9449,0.9449,3.1496,0.47244,3.1496,0.47244,0.0,,2.6772,14.05,14.05,1789.9999999999998,1030000.0,1030000.0,80,80,12.0,12.0,,8.0,0.0,24.0,24.0,18500.0,18500.0,33400.0,33500.0,85200.0,0.0,24.3,24.3,0.79,1630000.0,435000.0,30.2,15.6,15.6,IS_808_2021,9,31,"SI columns authoritative (mm, mm2, mm3, mm4, mm6); inch columns derived",ok,
ISA90X60X6,ISA90X60X6,ISA 90 x 60 x 6,ISA,1.3578,1.749,0.6319,0.024746,1.312,0.6224,0.7262,0.3503,1.1339,0.6811,3.5433,0.23622,2.3622,0.23622,0.0,,3.3071,6.88,6.88,876.0,728000.0,263000.0,90,60,6.0,6.0,,7.5,0.0,28.8,17.3,11900.0,5740.0,21500.0,10200.0,10300.0,0.0,29.0,14.2,0.41,840000.0,152000.0,31.0,13.2,13.2,IS_808_2021,11,36,"SI columns authoritative (mm, mm2, mm3, mm4, mm6); inch columns derived",ok,
ISA90X65X6,ISA90X65X6,ISA 90 x 65 x 6,ISA,1.4074,1.7971,0.7952,0.025707,1.3364,0.7323,0.7384,0.4089,1.1299,0.752,3.5433,0.23622,2.5591,0.23622,0.0,,3.3071,7.13,7.13,908.0,748000.0,331000.0,90,65,6.0,6.0,,8.0,0.0,28.7,19.1,12100.0,6700.0,21900.0,12000.0,10700.0,0.0,28.1,15.7,0.47,897000.0,183000.0,31.4,14.2,14.2,IS_808_2021,12,39,"SI columns authoritative (mm, mm2, mm3, mm4, mm6); inch columns derived",ok,
ISA90X65X7,ISA90X65X7,ISA 90 x 65 x 7,ISA,1.6275,2.059,0.9081,0.040602,1.5378,0.8482,0.8482,0.4699,1.126,0.748,3.5433,0.27559,2.5591,0.27559,0.0,,3.2677,8.24,8.24,1050.0,857000.0,378000.0,90,65,7.0,7.0,,8.0,0.0,28.6,19.0,13900.0,7700.0,25200.0,13900.0,16900.0,0.0,28.5,16.1,0.47,1020000.0,209000.0,31.3,14.1,14.1,IS_808_2021,12,39,"SI columns authoritative (mm, mm2, mm3, mm4, mm6); inch columns derived",ok,
ISA90X90X6,ISA90X90X6,ISA 90 x 90 x 6,ISA,1.643,1.9941,1.9941,0.030031,1.3913,1.3913,0.775,0.775,1.1024,1.1024,3.5433,0.23622,3.5433,0.23622,0.0,,3.3071,8.32,8.32,1060.0,830000.0,830000.0,90,90,6.0,6.0,,8.5,0.0,28.0,28.0,12700.0,12700.0,22800.0,22800.0,12500.0,0.0,24.5,24.5,0.79,1310000.0,342000.0,35.3,18.0,18.0,IS_808_2021,9,31,"SI columns authoritative (mm, mm2, mm3, mm4, mm6); inch columns derived",ok,
ISA90X60X8,ISA90X60X8,ISA 90 x 60 x 8,ISA,1.767,2.2487,0.8048,0.058141,1.7026,0.8177,0.9459,0.454,1.126,0.6732,3.5433,0.31496,2.3622,0.31496,0.0,,3.2283,9.01,9.01,1140.0,936000.0,335000.0,90,60,8.0,8.0,,7.5,0.0,28.6,17.1,15500.0,7440.0,27900.0,13400.0,24200.0,0.0,29.8,14.9,0.41,1070000.0,195000.0,30.6,13.0,13.0,IS_808_2021,11,36,"SI columns authoritative (mm, mm2, mm3, mm4, mm6); inch columns derived",ok,
ISA90X65X8,ISA90X65X8,ISA 90 x 65 x 8,ISA,1.8445,2.3136,1.0163,0.060063,1.7392,0.9581,0.9642,0.5309,1.1181,0.7441,3.5433,0.31496,2.5591,0.31496,0.0,,3.2283,9.34,9.34,1190.0,963000.0,423000.0,90,65,8.0,8.0,,8.0,0.0,28.4,18.9,15800.0,8700.0,28500.0,15700.0,25000.0,0.0,28.9,16.5,0.47,1150000.0,235000.0,31.1,14.0,14.0,IS_808_2021,12,39,"SI columns authoritative (mm, mm2, mm3, mm4, mm6); inch columns derived",ok,
ISA90X90X8,ISA90X90X8,ISA 90 x 90 x 8,ISA,2.1545,2.5707,2.5707,0.070394,1.8124,1.8185,1.0069,1.0069,1.0906,1.0906,3.5433,0.31496,3.5433,0.31496,0.0,,3.2283,10.92,10.92,1390.0,1070000.0,1070000.0,90,90,8.0,8.0,,8.5,0.0,27.7,27.7,16500.0,16500.0,29700.0,29800.0,29300.0,0.0,25.3,25.3,0.79,1700000.0,441000.0,35.0,17.8,17.8,IS_808_2021,9,31,"SI columns authoritative (mm, mm2, mm3, mm4, mm6); inch columns derived",ok,
ISA90X60X10,ISA90X60X10,ISA 90 x 60 x 10,ISA,2.1855,2.7148,0.9634,0.111957,2.0809,1.013,1.1595,0.5523,1.1142,0.6654,3.5433,0.3937,2.3622,0.3937,0.0,,3.1496,11.08,11.08,1410.0,1130000.0,401000.0,90,60,10.0,10.0,,7.5,0.0,28.3,16.9,19000.0,9050.0,34100.0,16600.0,46600.0,0.0,30.6,15.7,0.41,1290000.0,236000.0,30.3,12.9,12.9,IS_808_2021,11,36,"SI columns authoritative (mm, mm2, mm3, mm4, mm6); inch columns derived",ok,
ISA90X65X10,ISA90X65X10,ISA 90 x 65 x 10,ISA,2.263,2.7869,1.2181,0.116041,2.1236,1.1778,1.1778,0.6469,1.1102,0.7323,3.5433,0.3937,2.5591,0.3937,0.0,,3.1496,11.49,11.49,1460.0,1160000.0,507000.0,90,65,10.0,10.0,,8.0,0.0,28.2,18.6,19300.0,10600.0,34800.0,19300.0,48300.0,0.0,29.7,17.3,0.47,1380000.0,284000.0,30.8,13.9,13.9,IS_808_2021,12,39,"SI columns authoritative (mm, mm2, mm3, mm4, mm6); inch columns derived",ok,
ISA90X60X12,ISA90X60X12,ISA 90 x 60 x 12,ISA,2.573,3.1473,1.11,0.190759,2.4348,1.2022,1.3608,0.6469,1.1024,0.6535,3.5433,0.47244,2.3622,0.47244,0.0,,3.0709,13.09,13.09,1660.0000000000002,1310000.0,462000.0,90,60,12.0,12.0,,7.5,0.0,28.0,16.6,22300.0,10600.0,39900.0,19700.0,79400.0,0.0,31.3,16.4,0.4,1490000.0,276000.0,30.0,12.9,12.9,IS_808_2021,11,36,"SI columns authoritative (mm, mm2, mm3, mm4, mm6); inch columns derived",ok,
ISA90X90X10,ISA90X90X10,ISA 90 x 90 x 10,ISA,2.6505,3.0992,3.0992,0.135982,2.2213,2.2274,1.2327,1.2327,1.0827,1.0827,3.5433,0.3937,3.5433,0.3937,0.0,,3.1496,13.47,13.47,1710.0000000000002,1290000.0,1290000.0,90,90,10.0,10.0,,8.5,0.0,27.5,27.5,20200.0,20200.0,36400.0,36500.0,56600.0,0.0,26.0,26.0,0.79,2050000.0,536000.0,34.6,17.7,17.7,IS_808_2021,9,31,"SI columns authoritative (mm, mm2, mm3, mm4, mm6); inch columns derived",ok,
ISA90X90X12,ISA90X90X12,ISA 90 x 90 x 12,ISA,3.1465,3.6038,3.6038,0.232323,2.6179,2.624,1.4524,1.4524,1.0709,1.0709,3.5433,0.47244,3.5433,0.47244,0.0,,3.0709,15.95,15.95,2030.0,1500000.0,1500000.0,90,90,12.0,12.0,,8.5,0.0,27.2,27.2,23800.0,23800.0,42900.0,43000.0,96700.0,0.0,26.8,26.8,0.79,2380000.0,628000.0,34.2,17.6,17.6,IS_808_2021,9,31,"SI columns authoritative (mm, mm2, mm3, mm4, mm6); inch columns derived",ok,
ISA100X50X6,ISA100X50X6,ISA 100 x 50 x 6,ISA,1.3656,2.2079,0.382,0.024746,1.5134,0.4516,0.8665,0.2441,1.2717,0.5276,3.937,0.23622,1.9685,0.23622,0.0,,3.7008,6.92,6.92,881.0,919000.0,159000.0,100,50,6.0,6.0,,9.0,0.0,32.3,13.4,14200.0,4000.0,24800.0,7400.0,10300.0,0.0,35.1,10.6,0.26,975000.0,103000.0,33.3,10.8,10.8,IS_808_2021,12,39,"SI columns authoritative (mm, mm2, mm3, mm4, mm6); inch columns derived",ok,
ISA100X65X6,ISA100X65X6,ISA 100 x 65 x 6,ISA,1.5004,2.4025,0.8169,0.027389,1.6232,0.7384,0.9032,0.415,1.2677,0.7402,3.937,0.23622,2.5591,0.23622,0.0,,3.7008,7.6,7.6,968.0,1000000.0,340000.0,100,65,6.0,6.0,,8.0,0.0,32.2,18.8,14800.0,6800.0,26600.0,12100.0,11400.0,0.0,32.2,15.0,0.4,1140000.0,198000.0,34.4,14.3,14.3,IS_808_2021,11,37,"SI columns authoritative (mm, mm2, mm3, mm4, mm6); inch columns derived",ok,
ISA100X50X7,ISA100X50X7,ISA 100 x 50 x 7,ISA,1.5655,2.5226,0.4349,0.039161,1.7453,0.5248,0.9947,0.2807,1.2638,0.5236,3.937,0.27559,1.9685,0.27559,0.0,,3.6614,7.99,7.99,1010.0,1050000.0,181000.0,100,50,7.0,7.0,,9.0,0.0,32.1,13.3,16300.0,4600.0,28600.0,8600.0,16300.0,0.0,35.6,11.0,0.26,1110000.0,117000.0,33.1,10.7,10.7,IS_808_2021,12,39,"SI columns authoritative (mm, mm2, mm3, mm4, mm6); inch columns derived",ok,
ISA100X75X6,ISA100X75X6,ISA 100 x 75 x 6,ISA,1.5965,2.5226,1.2301,0.02907,1.6721,0.9764,0.9215,0.5492,1.2559,0.878,3.937,0.23622,2.9528,0.23622,0.0,,3.7008,8.08,8.08,1030.0,1050000.0,512000.0,100,75,6.0,6.0,,8.5,0.0,31.9,22.3,15100.0,9000.0,27400.0,16000.0,12100.0,0.0,30.5,18.2,0.5,1280000.0,276000.0,35.4,16.4,16.4,IS_808_2021,11,37,"SI columns authoritative (mm, mm2, mm3, mm4, mm6); inch columns derived",ok,
ISA100X65X7,ISA100X65X7,ISA 100 x 65 x 7,ISA,1.736,2.7629,0.9346,0.043245,1.8734,0.8604,1.0435,0.476,1.2598,0.7323,3.937,0.27559,2.5591,0.27559,0.0,,3.6614,8.85,8.85,1120.0,1150000.0,389000.0,100,65,7.0,7.0,,10.0,0.0,32.0,18.6,17100.0,7800.0,30700.0,14100.0,18000.0,0.0,32.5,15.3,0.4,1310000.0,228000.0,34.1,14.2,14.2,IS_808_2021,12,39,"SI columns authoritative (mm, mm2, mm3, mm4, mm6); inch columns derived",ok,
ISA100X50X8,ISA100X50X8,ISA 100 x 50 x 8,ISA,1.7825,2.835,0.4853,0.058141,1.965,0.598,1.1289,0.3173,1.2598,0.5197,3.937,0.31496,1.9685,0.31496,0.0,,3.622,9.05,9.05,1150.0,1180000.0,202000.0,100,50,8.0,8.0,,9.0,0.0,32.0,13.2,18500.0,5200.0,32200.0,9800.0,24200.0,0.0,36.0,11.4,0.25,1250000.0,131000.0,32.9,10.7,10.7,IS_808_2021,12,39,"SI columns authoritative (mm, mm2, mm3, mm4, mm6); inch columns derived",ok,
ISA100X100X6,ISA100X100X6,ISA 100 x 100 x 6,ISA,1.829,2.7629,2.7629,0.033395,1.727,1.727,0.9581,0.9581,1.2283,1.2283,3.937,0.23622,3.937,0.23622,0.0,,3.7008,9.26,9.26,1180.0,1150000.0,1150000.0,100,100,6.0,6.0,,8.5,0.0,31.2,31.2,15700.0,15700.0,28300.0,28300.0,13900.0,0.0,27.0,27.0,0.79,1820000.0,472000.0,39.4,20.0,20.0,IS_808_2021,9,31,"SI columns authoritative (mm, mm2, mm3, mm4, mm6); inch columns derived",ok,"rv_mm printed 200 disagrees with sqrt(I/A)=20.00 (A, I corroborated by mass/Ze) -> 20"
ISA100X65X8,ISA100X65X8,ISA 100 x 65 x 8,ISA,1.9685,3.0992,1.0451,0.064147,2.1114,0.9703,1.1778,0.537,1.2559,0.7283,3.937,0.31496,2.5591,0.31496,0.0,,3.622,9.97,9.97,1270.0,1290000.0,435000.0,100,65,8.0,8.0,,8.0,0.0,31.9,18.5,19300.0,8800.0,34600.0,15900.0,26700.0,0.0,33.0,15.7,0.4,1470000.0,255000.0,34.0,14.2,14.2,IS_808_2021,11,37,"SI columns authoritative (mm, mm2, mm3, mm4, mm6); inch columns derived",ok,
ISA100X75X8,ISA100X75X8,ISA 100 x 75 x 8,ISA,2.0925,3.2434,1.5784,0.068472,2.1847,1.2815,1.2022,0.714,1.248,0.8701,3.937,0.31496,2.9528,0.31496,0.0,,3.622,10.61,10.61,1350.0,1350000.0,657000.0,100,75,8.0,8.0,,8.5,0.0,31.7,22.1,19700.0,11700.0,35800.0,21000.0,28500.0,0.0,31.3,18.9,0.5,1650000.0,355000.0,35.0,16.2,16.2,IS_808_2021,11,37,"SI columns authoritative (mm, mm2, mm3, mm4, mm6); inch columns derived",ok,
ISA100X100X7,ISA100X100X7,ISA 100 x 100 x 7,ISA,2.108,3.1713,3.1713,0.052855,1.9955,1.9955,1.1106,1.1106,1.2244,1.2244,3.937,0.27559,3.937,0.27559,0.0,,3.6614,10.73,10.73,1360.0,1320000.0,1320000.0,100,100,7.0,7.0,,8.5,0.0,31.1,31.1,18200.0,18200.0,32700.0,32700.0,22000.0,0.0,27.4,27.4,0.79,2100000.0,542000.0,39.2,19.9,19.9,IS_808_2021,10,33,"SI columns authoritative (mm, mm2, mm3, mm4, mm6); inch columns derived",ok,
ISA100X100X8,ISA100X100X8,ISA 100 x 100 x 8,ISA,2.4025,3.5557,3.5557,0.078562,2.2579,2.264,1.2571,1.2571,1.2205,1.2205,3.937,0.31496,3.937,0.31496,0.0,,3.622,12.18,12.18,1550.0,1480000.0,1480000.0,100,100,8.0,8.0,,8.5,0.0,31.0,31.0,20600.0,20600.0,37000.0,37100.0,32700.0,0.0,27.8,27.8,0.79,2360000.0,610000.0,39.0,19.8,19.8,IS_808_2021,9,31,"SI columns authoritative (mm, mm2, mm3, mm4, mm6); inch columns derived",ok,"rv_mm printed 198 disagrees with sqrt(I/A)=19.84 (A, I corroborated by mass/Ze) -> 19.8"
ISA100X65X10,ISA100X65X10,ISA 100 x 65 x 10,ISA,2.418,3.7479,1.2541,0.123969,2.5813,1.2022,1.4402,0.6591,1.2441,0.7205,3.937,0.3937,2.5591,0.3937,0.0,,3.5433,12.28,12.28,1560.0,1560000.0,522000.0,100,65,10.0,10.0,,8.0,0.0,31.6,18.3,23600.0,10800.0,42300.0,19700.0,51600.0,0.0,33.8,16.5,0.39,1770000.0,309000.0,33.7,14.0,14.0,IS_808_2021,11,37,"SI columns authoritative (mm, mm2, mm3, mm4, mm6); inch columns derived",ok,
ISA100X75X10,ISA100X75X10,ISA 100 x 75 x 10,ISA,2.573,3.9401,1.9028,0.132138,2.6728,1.5805,1.4768,0.8726,1.2362,0.8583,3.937,0.3937,2.9528,0.3937,0.0,,3.5433,13.07,13.07,1660.0000000000002,1640000.0,792000.0,100,75,10.0,10.0,,8.5,0.0,31.4,21.8,24200.0,14300.0,43800.0,25900.0,55000.0,0.0,32.1,19.7,0.5,2000000.0,430000.0,34.7,16.1,16.1,IS_808_2021,11,37,"SI columns authoritative (mm, mm2, mm3, mm4, mm6); inch columns derived",ok,
ISA100X100X10,ISA100X100X10,ISA 100 x 100 x 10,ISA,2.9605,4.3245,4.3245,0.152079,2.7705,2.7766,1.5439,1.5439,1.2087,1.2087,3.937,0.3937,3.937,0.3937,0.0,,3.5433,15.04,15.04,1910.0000000000002,1800000.0,1800000.0,100,100,10.0,10.0,,8.5,0.0,30.7,30.7,25300.0,25300.0,45400.0,45500.0,63300.0,0.0,28.5,28.5,0.79,2860000.0,743000.0,38.7,19.7,19.7,IS_808_2021,9,31,"SI columns authoritative (mm, mm2, mm3, mm4, mm6); inch columns derived",ok,"rv_mm printed 197 disagrees with sqrt(I/A)=19.72 (A, I corroborated by mass/Ze) -> 19.7"
ISA100X75X12,ISA100X75X12,ISA 100 x 75 x 12,ISA,3.0535,4.5888,2.2031,0.225355,3.1366,1.8673,1.7392,1.0252,1.2244,0.8504,3.937,0.47244,2.9528,0.47244,0.0,,3.4646,15.48,15.48,1970.0,1910000.0,917000.0,100,75,12.0,12.0,,8.5,0.0,31.1,21.6,28500.0,16800.0,51400.0,30600.0,93800.0,0.0,32.8,20.4,0.5,2320000.0,504000.0,34.3,16.0,16.0,IS_808_2021,11,37,"SI columns authoritative (mm, mm2, mm3, mm4, mm6); inch columns derived",ok,
ISA100X100X12,ISA100X100X12,ISA 100 x 100 x 12,ISA,3.5185,5.0453,5.0453,0.259471,3.2709,3.277,1.8185,1.8185,1.1969,1.1969,3.937,0.47244,3.937,0.47244,0.0,,3.4646,17.83,17.83,2270.0,2100000.0,2100000.0,100,100,12.0,12.0,,8.5,0.0,30.4,30.4,29800.0,29800.0,53600.0,53700.0,108000.0,0.0,29.3,29.3,0.79,3330000.0,872000.0,38.3,19.6,19.6,IS_808_2021,9,31,"SI columns authoritative (mm, mm2, mm3, mm4, mm6); inch columns derived",ok,"rv_mm printed 196 disagrees with sqrt(I/A)=19.60 (A, I corroborated by mass/Ze) -> 19.6"
ISA100X100X15,ISA100X100X15,ISA 100 x 100 x 15,ISA,4.3245,6.0543,6.0543,0.499722,3.9849,3.991,2.2091,2.2091,1.185,1.185,3.937,0.59055,3.937,0.59055,0.0,,3.3465,21.91,21.91,2790.0,2520000.0,2520000.0,100,100,15.0,15.0,,8.5,0.0,30.1,30.1,36200.0,36200.0,65300.0,65400.0,208000.0,0.0,30.4,30.4,0.79,3980000.0,1060000.0,37.8,19.5,19.5,IS_808_2021,10,33,"SI columns authoritative (mm, mm2, mm3, mm4, mm6); inch columns derived",ok,
ISA110X110X8,ISA110X110X8,ISA 110 x 110 x 8,ISA,2.635,4.7089,4.7089,0.086731,2.7217,2.7278,1.5012,1.5012,1.3346,1.3346,4.3307,0.31496,4.3307,0.31496,0.0,,4.0157,13.4,13.4,1700.0,1960000.0,1960000.0,110,110,8.0,8.0,,10.0,4.8,33.9,33.9,24600.0,24600.0,44600.0,44700.0,36100.0,0.0,30.0,30.0,0.79,3120000.0,807000.0,42.8,21.8,21.8,IS_808_2021,9,31,"SI columns authoritative (mm, mm2, mm3, mm4, mm6); inch columns derived",ok,"rv_mm printed 217 disagrees with sqrt(I/A)=21.79 (A, I corroborated by mass/Ze) -> 21.8"
ISA110X110X10,ISA110X110X10,ISA 110 x 110 x 10,ISA,3.2705,5.766,5.766,0.168176,3.3502,3.3563,1.8551,1.8551,1.3268,1.3268,4.3307,0.3937,4.3307,0.3937,0.0,,3.937,16.58,16.58,2110.0,2400000.0,2400000.0,110,110,10.0,10.0,,10.0,4.8,33.7,33.7,30400.0,30400.0,54900.0,55000.0,70000.0,0.0,30.9,30.9,0.79,3810000.0,986000.0,42.5,21.6,21.6,IS_808_2021,9,31,"SI columns authoritative (mm, mm2, mm3, mm4, mm6); inch columns derived",ok,"rv_mm printed 216 disagrees with sqrt(I/A)=21.62 (A, I corroborated by mass/Ze) -> 21.6"
ISA110X110X12,ISA110X110X12,ISA 110 x 110 x 12,ISA,3.875,6.7511,6.7511,0.285899,3.9604,3.9726,2.1908,2.1908,1.3189,1.3189,4.3307,0.47244,4.3307,0.47244,0.0,,3.8583,19.68,19.68,2500.0,2810000.0,2810000.0,110,110,12.0,12.0,,10.0,4.8,33.5,33.5,35900.0,35900.0,64900.0,65100.0,119000.0,0.0,31.7,31.7,0.79,4460000.0,1160000.0,42.2,21.5,21.5,IS_808_2021,9,31,"SI columns authoritative (mm, mm2, mm3, mm4, mm6); inch columns derived",ok,"rv_mm printed 215 disagrees with sqrt(I/A)=21.54 (A, I corroborated by mass/Ze) -> 21.5"
ISA110X110X16,ISA110X110X16,ISA 110 x 110 x 16,ISA,5.0685,8.577,8.577,0.667898,5.1321,5.1382,2.8376,2.8376,1.2992,1.2992,4.3307,0.62992,4.3307,0.62992,0.0,,3.7008,25.71,25.71,3270.0000000000005,3570000.0,3570000.0,110,110,16.0,16.0,,10.0,4.8,33.0,33.0,46500.0,46500.0,84100.0,84200.0,278000.0,0.0,33.2,33.2,0.79,5650000.0,1490000.0,41.5,21.3,21.3,IS_808_2021,9,31,"SI columns authoritative (mm, mm2, mm3, mm4, mm6); inch columns derived",ok,"rv_mm printed 214 disagrees with sqrt(I/A)=21.35 (A, I corroborated by mass/Ze) -> 21.3"
ISA120X80X8,ISA120X80X8,ISA 120 x 80 x 8,ISA,2.418,5.5258,1.9989,0.078562,3.1122,1.489,1.727,0.8299,1.5118,0.9094,4.7244,0.31496,3.1496,0.31496,0.0,,4.4094,12.26,12.26,1560.0,2300000.0,832000.0,120,80,8.0,8.0,,11.0,0.0,38.4,23.1,28300.0,13600.0,51000.0,24400.0,32700.0,0.0,38.5,18.9,0.41,2650000.0,481000.0,41.2,17.5,17.5,IS_808_2021,12,39,"SI columns authoritative (mm, mm2, mm3, mm4, mm6); inch columns derived",ok,
ISA120X120X8,ISA120X120X8,ISA 120 x 120 x 8,ISA,2.883,6.1985,6.1985,0.094899,3.2587,3.2648,1.8002,1.8002,1.4646,1.4646,4.7244,0.31496,4.7244,0.31496,0.0,,4.4094,14.66,14.66,1860.0000000000002,2580000.0,2580000.0,120,120,8.0,8.0,,10.0,4.8,37.2,37.2,29500.0,29500.0,53400.0,53500.0,39500.0,0.0,32.5,32.5,0.79,4100000.0,1050000.0,46.9,23.8,23.8,IS_808_2021,10,33,"SI columns authoritative (mm, mm2, mm3, mm4, mm6); inch columns derived",ok,
ISA120X80X10,ISA120X80X10,ISA 120 x 80 x 10,ISA,2.976,6.727,2.4025,0.152079,3.8201,1.8368,2.1236,1.013,1.5,0.8976,4.7244,0.3937,3.1496,0.3937,0.0,,4.3307,15.12,15.12,1920.0,2800000.0,1000000.0,120,80,10.0,10.0,,11.0,0.0,38.1,22.8,34800.0,16600.0,62600.0,30100.0,63300.0,0.0,39.4,19.6,0.41,3220000.0,583000.0,40.9,17.4,17.4,IS_808_2021,12,39,"SI columns authoritative (mm, mm2, mm3, mm4, mm6); inch columns derived",ok,
ISA120X80X12,ISA120X80X12,ISA 120 x 80 x 12,ISA,3.534,7.8562,2.7869,0.259471,4.4974,2.1785,2.502,1.1961,1.4921,0.8898,4.7244,0.47244,3.1496,0.47244,0.0,,4.252,17.91,17.91,2280.0,3270000.0,1160000.0,120,80,12.0,12.0,,11.0,0.0,37.9,22.6,41000.0,19600.0,73700.0,35700.0,108000.0,0.0,40.2,20.4,0.41,3750000.0,681000.0,40.6,17.3,17.3,IS_808_2021,12,39,"SI columns authoritative (mm, mm2, mm3, mm4, mm6); inch columns derived",ok,
ISA120X120X10,ISA120X120X10,ISA 120 x 120 x 10,ISA,3.5805,7.5679,7.5679,0.184032,4.0215,4.0276,2.2213,2.2213,1.4528,1.4528,4.7244,0.3937,4.7244,0.3937,0.0,,4.3307,18.15,18.15,2310.0,3150000.0,3150000.0,120,120,10.0,10.0,,10.0,4.8,36.9,36.9,36400.0,36400.0,65900.0,66000.0,76600.0,0.0,33.4,33.4,0.79,5010000.0,1290000.0,46.6,23.6,23.6,IS_808_2021,10,33,"SI columns authoritative (mm, mm2, mm3, mm4, mm6); inch columns derived",ok,
ISA120X120X12,ISA120X120X12,ISA 120 x 120 x 12,ISA,4.247,8.8893,8.8893,0.314729,4.7599,4.766,2.6301,2.6301,1.4449,1.4449,4.7244,0.47244,4.7244,0.47244,0.0,,4.252,21.57,21.57,2740.0,3700000.0,3700000.0,120,120,12.0,12.0,,10.0,4.8,36.7,36.7,43100.0,43100.0,78000.0,78100.0,131000.0,0.0,34.2,34.2,0.79,5880000.0,1520000.0,46.3,23.5,23.5,IS_808_2021,10,33,"SI columns authoritative (mm, mm2, mm3, mm4, mm6); inch columns derived",ok,
ISA120X120X15,ISA120X120X15,ISA 120 x 120 x 15,ISA,5.239,10.7392,10.7392,0.607835,5.8278,5.8339,3.2221,3.2221,1.4331,1.4331,4.7244,0.59055,4.7244,0.59055,0.0,,4.1339,26.58,26.58,3379.9999999999995,4470000.0,4470000.0,120,120,15.0,15.0,,10.0,4.8,36.4,36.4,52800.0,52800.0,95500.0,95600.0,253000.0,0.0,35.3,35.3,0.79,7090000.0,1850000.0,45.8,23.4,23.4,IS_808_2021,10,33,"SI columns authoritative (mm, mm2, mm3, mm4, mm6); inch columns derived",ok,
ISA125X75X6,ISA125X75X6,ISA 125 x 75 x 6,ISA,1.829,4.6609,1.3046,0.033395,2.5203,1.0008,1.4096,0.5614,1.5945,0.8425,4.9213,0.23622,2.9528,0.23622,0.0,,4.685,9.27,9.27,1180.0,1940000.0,543000.0,125,75,6.0,6.0,,9.0,0.0,40.5,21.4,23100.0,9200.0,41300.0,16400.0,13900.0,0.0,40.8,16.2,0.35,2150000.0,327000.0,42.7,16.6,16.6,IS_808_2021,11,37,"SI columns authoritative (mm, mm2, mm3, mm4, mm6); inch columns derived",ok,
ISA125X95X6,ISA125X95X6,ISA 125 x 95 x 6,ISA,1.9995,4.9251,2.4746,0.036999,2.6179,1.5561,1.428,0.8726,1.5709,1.1142,4.9213,0.23622,3.7402,0.23622,0.0,,4.685,10.14,10.14,1290.0,2050000.0,1030000.0,125,95,6.0,6.0,,9.0,4.8,39.9,28.3,23400.0,14300.0,42900.0,25500.0,15400.0,0.0,37.2,22.4,0.52,2540000.0,550000.0,44.4,20.6,20.6,IS_808_2021,11,37,"SI columns authoritative (mm, mm2, mm3, mm4, mm6); inch columns derived",ok,
ISA125X75X8,ISA125X75X8,ISA 125 x 75 x 8,ISA,2.4025,6.0303,1.6745,0.078562,3.2892,1.3181,1.8429,0.7323,1.5866,0.8346,4.9213,0.31496,2.9528,0.31496,0.0,,4.6063,12.19,12.19,1550.0,2510000.0,697000.0,125,75,8.0,8.0,,9.0,0.0,40.3,21.2,30200.0,12000.0,53900.0,21600.0,32700.0,0.0,41.7,17.0,0.35,2790000.0,421000.0,42.4,16.5,16.5,IS_808_2021,11,37,"SI columns authoritative (mm, mm2, mm3, mm4, mm6); inch columns derived",ok,
ISA125X95X8,ISA125X95X8,ISA 125 x 95 x 8,ISA,2.635,6.4387,3.2194,0.086731,3.4417,2.0565,1.8856,1.1472,1.563,1.1063,4.9213,0.31496,3.7402,0.31496,0.0,,4.6063,13.37,13.37,1700.0,2680000.0,1340000.0,125,95,8.0,8.0,,9.0,4.8,39.7,28.1,30900.0,18800.0,56400.0,33700.0,36100.0,0.0,38.0,23.2,0.52,3310000.0,714000.0,44.1,20.5,20.5,IS_808_2021,11,37,"SI columns authoritative (mm, mm2, mm3, mm4, mm6); inch columns derived",ok,
ISA125X75X10,ISA125X75X10,ISA 125 x 75 x 10,ISA,2.9605,7.3517,2.0205,0.152079,4.0398,1.6293,2.2701,0.897,1.5748,0.8228,4.9213,0.3937,2.9528,0.3937,0.0,,4.5276,15.05,15.05,1910.0000000000002,3060000.0,841000.0,125,75,10.0,10.0,,9.0,0.0,40.0,20.9,37200.0,14700.0,66200.0,26700.0,63300.0,0.0,42.6,17.8,0.35,3390000.0,510000.0,42.1,16.3,16.3,IS_808_2021,11,37,"SI columns authoritative (mm, mm2, mm3, mm4, mm6); inch columns derived",ok,
ISA125X95X10,ISA125X95X10,ISA 125 x 95 x 10,ISA,3.255,7.8802,3.9401,0.168176,4.235,2.5447,2.325,1.4096,1.5512,1.0984,4.9213,0.3937,3.7402,0.3937,0.0,,4.5276,16.54,16.54,2100.0,3280000.0,1640000.0,125,95,10.0,10.0,,9.0,4.8,39.4,27.9,38100.0,23100.0,69400.0,41700.0,70000.0,0.0,38.9,24.0,0.51,4040000.0,873000.0,43.8,20.4,20.4,IS_808_2021,11,37,"SI columns authoritative (mm, mm2, mm3, mm4, mm6); inch columns derived",ok,
ISA125X75X12,ISA125X75X12,ISA 125 x 75 x 12,ISA,3.534,8.601,2.3424,0.259471,4.766,1.9406,2.6789,1.0557,1.563,0.815,4.9213,0.47244,2.9528,0.47244,0.0,,4.4488,17.91,17.91,2280.0,3580000.0,975000.0,125,75,12.0,12.0,,11.0,0.0,39.7,20.7,43900.0,17300.0,78100.0,31800.0,108000.0,0.0,43.2,18.5,0.34,3960000.0,598000.0,41.7,16.2,16.2,IS_808_2021,12,39,"SI columns authoritative (mm, mm2, mm3, mm4, mm6); inch columns derived",ok,
ISA125X95X12,ISA125X95X12,ISA 125 x 95 x 12,ISA,3.875,9.2256,4.5888,0.285899,5.0039,3.0207,2.7522,1.6659,1.5433,1.0906,4.9213,0.47244,3.7402,0.47244,0.0,,4.4488,19.65,19.65,2500.0,3840000.0,1910000.0,125,95,12.0,12.0,,9.0,4.8,39.2,27.7,45100.0,27300.0,82000.0,49500.0,119000.0,0.0,39.7,24.8,0.51,4730000.0,1020000.0,43.5,20.2,20.2,IS_808_2021,11,37,"SI columns authoritative (mm, mm2, mm3, mm4, mm6); inch columns derived",ok,
ISA130X130X8,ISA130X130X8,ISA 130 x 130 x 8,ISA,3.131,7.9283,7.9283,0.103308,3.8445,3.8506,2.1236,2.1236,1.5906,1.5906,5.1181,0.31496,5.1181,0.31496,0.0,,4.8031,15.92,15.92,2020.0,3300000.0,3300000.0,130,130,8.0,8.0,,10.0,4.8,40.4,40.4,34800.0,34800.0,63000.0,63100.0,43000.0,0.0,35.0,35.0,0.79,5260000.0,1350000.0,51.0,25.9,25.9,IS_808_2021,9,32,"SI columns authoritative (mm, mm2, mm3, mm4, mm6); inch columns derived",ok,"rv_mm printed 258 disagrees with sqrt(I/A)=25.85 (A, I corroborated by mass/Ze) -> 25.9"
ISA130X130X9,ISA130X130X9,ISA 130 x 130 x 9,ISA,3.5185,8.8412,8.8412,0.146313,4.3022,4.3083,2.3799,2.3799,1.5866,1.5866,5.1181,0.35433,5.1181,0.35433,0.0,,4.7638,17.82,17.82,2270.0,3680000.0,3680000.0,130,130,9.0,9.0,,10.0,4.8,40.3,40.3,39000.0,39000.0,70500.0,70600.0,60900.0,0.0,35.5,35.5,0.79,5860000.0,1500000.0,50.8,25.7,25.7,IS_808_2021,10,33,"SI columns authoritative (mm, mm2, mm3, mm4, mm6); inch columns derived",ok,
ISA130X130X10,ISA130X130X10,ISA 130 x 130 x 10,ISA,3.8905,9.7302,9.7302,0.200129,4.7476,4.7537,2.6301,2.6301,1.5827,1.5827,5.1181,0.3937,5.1181,0.3937,0.0,,4.7244,19.72,19.72,2510.0,4050000.0,4050000.0,130,130,10.0,10.0,,10.0,4.8,40.2,40.2,43100.0,43100.0,77800.0,77900.0,83300.0,0.0,35.9,35.9,0.79,6440000.0,1650000.0,50.7,25.6,25.6,IS_808_2021,9,32,"SI columns authoritative (mm, mm2, mm3, mm4, mm6); inch columns derived",ok,"rv_mm printed 257 disagrees with sqrt(I/A)=25.64 (A, I corroborated by mass/Ze) -> 25.6"
ISA130X130X12,ISA130X130X12,ISA 130 x 130 x 12,ISA,4.619,11.4359,11.4359,0.341156,5.6264,5.6325,3.1122,3.1122,1.5709,1.5709,5.1181,0.47244,5.1181,0.47244,0.0,,4.6457,23.45,23.45,2980.0,4760000.0,4760000.0,130,130,12.0,12.0,,10.0,4.8,39.9,39.9,51000.0,51000.0,92200.0,92300.0,142000.0,0.0,36.7,36.7,0.79,7570000.0,1950000.0,50.4,25.6,25.6,IS_808_2021,9,32,"SI columns authoritative (mm, mm2, mm3, mm4, mm6); inch columns derived",ok,"rv_mm printed 256 disagrees with sqrt(I/A)=25.58 (A, I corroborated by mass/Ze) -> 25.6"
ISA130X130X16,ISA130X130X16,ISA 130 x 130 x 16,ISA,6.0605,14.6313,14.6313,0.800036,7.2618,7.3228,4.0459,4.0459,1.5512,1.5512,5.1181,0.62992,5.1181,0.62992,0.0,,4.4882,30.74,30.74,3910.0,6090000.0,6090000.0,130,130,16.0,16.0,,10.0,4.8,39.4,39.4,66300.0,66300.0,119000.0,120000.0,333000.0,0.0,38.2,38.2,0.79,9660000.0,2520000.0,49.7,25.4,25.4,IS_808_2021,9,32,"SI columns authoritative (mm, mm2, mm3, mm4, mm6); inch columns derived",ok,"rv_mm printed 254 disagrees with sqrt(I/A)=25.39 (A, I corroborated by mass/Ze) -> 25.4"
ISA135X65X8,ISA135X65X8,ISA 135 x 65 x 8,ISA,2.4025,7.0153,1.0931,0.078562,3.6004,1.0008,2.0504,0.537,1.7087,0.6732,5.315,0.31496,2.5591,0.31496,0.0,,5.0,12.18,12.18,1550.0,2920000.0,455000.0,135,65,8.0,8.0,,11.0,4.8,43.4,17.1,33600.0,8800.0,59000.0,16400.0,32700.0,0.0,47.9,13.5,0.24,3080000.0,297000.0,44.6,13.8,13.8,IS_808_2021,12,39,"SI columns authoritative (mm, mm2, mm3, mm4, mm6); inch columns derived",ok,
ISA135X65X10,ISA135X65X10,ISA 135 x 65 x 10,ISA,2.9605,8.577,1.3214,0.152079,4.4242,1.251,2.5264,0.6591,1.7008,0.6654,5.315,0.3937,2.5591,0.3937,0.0,,4.9213,15.04,15.04,1910.0000000000002,3570000.0,550000.0,135,65,10.0,10.0,,11.0,4.8,43.2,16.9,41400.0,10800.0,72500.0,20500.0,63300.0,0.0,48.8,14.3,0.24,3760000.0,361000.0,44.3,13.7,13.7,IS_808_2021,12,39,"SI columns authoritative (mm, mm2, mm3, mm4, mm6); inch columns derived",ok,
ISA135X65X12,ISA135X65X12,ISA 135 x 65 x 12,ISA,3.5185,10.0425,1.5352,0.259471,5.2114,1.5012,2.9902,0.7811,1.689,0.6614,5.315,0.47244,2.5591,0.47244,0.0,,4.8425,17.84,17.84,2270.0,4180000.0,639000.0,135,65,12.0,12.0,,11.0,4.8,42.9,16.8,49000.0,12800.0,85400.0,24600.0,108000.0,0.0,49.7,15.1,0.24,4400000.0,423000.0,44.0,13.6,13.6,IS_808_2021,12,39,"SI columns authoritative (mm, mm2, mm3, mm4, mm6); inch columns derived",ok,
ISA150X75X9,ISA150X75X9,ISA 150 x 75 x 9,ISA,3.038,10.9795,1.8932,0.125892,5.0528,1.4951,2.8742,0.8116,1.9016,0.7913,5.9055,0.35433,2.9528,0.35433,0.0,,5.5512,15.39,15.39,1960.0000000000002,4570000.0,788000.0,150,75,9.0,9.0,,11.0,4.8,48.3,20.1,47100.0,13300.0,82800.0,24500.0,52400.0,0.0,52.8,15.8,0.26,4850000.0,507000.0,49.8,16.1,16.1,IS_808_2021,12,39,"SI columns authoritative (mm, mm2, mm3, mm4, mm6); inch columns derived",ok,
ISA150X115X8,ISA150X115X8,ISA 150 x 115 x 8,ISA,3.2085,11.3879,5.8621,0.10523,5.0284,3.0512,2.7522,1.7026,1.8819,1.3504,5.9055,0.31496,4.5276,0.31496,0.0,,5.5906,16.27,16.27,2070.0,4740000.0,2440000.0,150,115,8.0,8.0,,11.0,4.8,47.8,34.3,45100.0,27900.0,82400.0,50000.0,43800.0,0.0,44.8,27.6,0.52,5890000.0,1280000.0,53.4,24.9,24.9,IS_808_2021,11,37,"SI columns authoritative (mm, mm2, mm3, mm4, mm6); inch columns derived",ok,
ISA150X90X10,ISA150X90X10,ISA 150 x 90 x 10,ISA,3.596,12.8775,3.5317,0.184032,5.8705,2.3433,3.2709,1.2937,1.8937,0.9921,5.9055,0.3937,3.5433,0.3937,0.0,,5.5118,18.22,18.22,2320.0,5360000.0,1470000.0,150,90,10.0,10.0,,12.0,4.8,48.1,25.2,53600.0,21200.0,96200.0,38400.0,76600.0,0.0,50.0,20.4,0.35,5940000.0,891000.0,50.6,19.6,19.6,IS_808_2021,12,39,"SI columns authoritative (mm, mm2, mm3, mm4, mm6); inch columns derived",ok,
ISA150X115X10,ISA150X115X10,ISA 150 x 115 x 10,ISA,3.968,13.9586,7.1595,0.204213,6.1634,3.7774,3.4051,2.1053,1.874,1.3425,5.9055,0.3937,4.5276,0.3937,0.0,,5.5118,20.14,20.14,2560.0,5810000.0,2980000.0,150,115,10.0,10.0,,11.0,4.8,47.6,34.1,55800.0,34500.0,101000.0,61900.0,85000.0,0.0,45.7,28.4,0.52,7220000.0,1570000.0,53.1,24.8,24.8,IS_808_2021,11,37,"SI columns authoritative (mm, mm2, mm3, mm4, mm6); inch columns derived",ok,
ISA150X90X12,ISA150X90X12,ISA 150 x 90 x 12,ISA,4.2625,15.1358,4.1323,0.314729,6.8957,2.7949,3.8811,1.5256,1.8819,0.9843,5.9055,0.47244,3.5433,0.47244,0.0,,5.4331,21.64,21.64,2750.0,6300000.0,1720000.0,150,90,12.0,12.0,,12.0,4.8,47.8,25.0,63600.0,25000.0,113000.0,45800.0,131000.0,0.0,50.9,21.2,0.34,6980000.0,1040000.0,50.3,19.5,19.5,IS_808_2021,12,39,"SI columns authoritative (mm, mm2, mm3, mm4, mm6); inch columns derived",ok,
ISA150X150X10,ISA150X150X10,ISA 150 x 150 x 10,ISA,4.526,15.2079,15.2079,0.232082,6.3465,6.3465,3.5394,3.5394,1.8346,1.8346,5.9055,0.3937,5.9055,0.3937,0.0,,5.5118,22.93,22.93,2920.0,6330000.0,6330000.0,150,150,10.0,10.0,,12.0,4.8,46.6,46.6,58000.0,58000.0,104000.0,104000.0,96600.0,0.0,40.8,40.8,0.79,10000000.0,2590000.0,58.7,29.8,29.8,IS_808_2021,9,32,"SI columns authoritative (mm, mm2, mm3, mm4, mm6); inch columns derived",ok,"rv_mm printed 298 disagrees with sqrt(I/A)=29.78 (A, I corroborated by mass/Ze) -> 29.8"
ISA150X115X12,ISA150X115X12,ISA 150 x 115 x 12,ISA,4.7275,16.4332,8.4088,0.348364,7.3228,4.4852,4.0398,2.4898,1.8661,1.3346,5.9055,0.47244,4.5276,0.47244,0.0,,5.4331,23.96,23.96,3050.0,6840000.0,3500000.0,150,115,12.0,12.0,,11.0,4.8,47.4,33.9,66200.0,40800.0,120000.0,73500.0,145000.0,0.0,46.5,29.2,0.52,8490000.0,1850000.0,52.8,24.7,24.7,IS_808_2021,11,37,"SI columns authoritative (mm, mm2, mm3, mm4, mm6); inch columns derived",ok,
ISA150X75X15,ISA150X75X15,ISA 150 x 75 x 15,ISA,4.898,17.1779,2.883,0.566992,7.9941,2.4837,4.6073,1.2876,1.8701,0.7677,5.9055,0.59055,2.9528,0.59055,0.0,,5.315,24.85,24.85,3160.0,7150000.0,1200000.0,150,75,15.0,15.0,,11.0,4.8,47.5,19.5,75500.0,21100.0,131000.0,40700.0,236000.0,0.0,55.3,18.1,0.25,7550000.0,791000.0,48.9,15.8,15.8,IS_808_2021,12,39,"SI columns authoritative (mm, mm2, mm3, mm4, mm6); inch columns derived",ok,
ISA150X90X15,ISA150X90X15,ISA 150 x 90 x 15,ISA,5.2545,18.3552,4.9492,0.607835,8.4823,3.46,4.7599,1.8673,1.8661,0.9724,5.9055,0.59055,3.5433,0.59055,0.0,,5.315,26.66,26.66,3390.0,7640000.0,2060000.0,150,90,15.0,15.0,,12.0,4.8,47.4,24.7,78000.0,30600.0,139000.0,56700.0,253000.0,0.0,52.1,22.4,0.34,8430000.0,1260000.0,49.8,19.3,19.3,IS_808_2021,12,39,"SI columns authoritative (mm, mm2, mm3, mm4, mm6); inch columns derived",ok,
ISA150X150X12,ISA150X150X12,ISA 150 x 150 x 12,ISA,5.3785,17.9227,17.9227,0.396414,7.5669,7.5669,4.1984,4.1984,1.8228,1.8228,5.9055,0.47244,5.9055,0.47244,0.0,,5.4331,27.29,27.29,3470.0000000000005,7460000.0,7460000.0,150,150,12.0,12.0,,12.0,4.8,46.3,46.3,68800.0,68800.0,124000.0,124000.0,165000.0,0.0,41.6,41.6,0.79,11800000.0,3050000.0,58.4,29.6,29.6,IS_808_2021,9,32,"SI columns authoritative (mm, mm2, mm3, mm4, mm6); inch columns derived",ok,"rv_mm printed 296 disagrees with sqrt(I/A)=29.65 (A, I corroborated by mass/Ze) -> 29.6"
ISA150X115X16,ISA150X115X16,ISA 150 x 115 x 16,ISA,6.2,21.094,10.7152,0.814451,9.5197,5.8644,5.2602,3.2343,1.8465,1.315,5.9055,0.62992,4.5276,0.62992,0.0,,5.2756,31.4,31.4,4000.0,8780000.0,4460000.0,150,115,16.0,16.0,,11.0,4.8,46.9,33.4,86200.0,53000.0,156000.0,96100.0,339000.0,0.0,48.1,30.7,0.52,10800000.0,2390000.0,52.1,24.4,24.4,IS_808_2021,11,37,"SI columns authoritative (mm, mm2, mm3, mm4, mm6); inch columns derived",ok,
ISA150X150X15,ISA150X150X15,ISA 150 x 150 x 15,ISA,6.6495,21.7908,21.7908,0.768803,9.2756,9.2756,5.1626,5.1626,1.811,1.811,5.9055,0.59055,5.9055,0.59055,0.0,,5.315,33.72,33.72,4290.0,9070000.0,9070000.0,150,150,15.0,15.0,,12.0,4.8,46.0,46.0,84600.0,84600.0,152000.0,152000.0,320000.0,0.0,42.8,42.8,0.79,14400000.0,3720000.0,57.9,29.5,29.5,IS_808_2021,10,34,"SI columns authoritative (mm, mm2, mm3, mm4, mm6); inch columns derived",ok,
ISA150X150X16,ISA150X150X16,ISA 150 x 150 x 16,ISA,7.068,23.016,23.016,0.929771,9.8858,9.8858,5.4738,5.4738,1.8031,1.8031,5.9055,0.62992,5.9055,0.62992,0.0,,5.2756,35.84,35.84,4560.0,9580000.0,9580000.0,150,150,16.0,16.0,,12.0,4.8,45.8,45.8,89700.0,89700.0,162000.0,162000.0,387000.0,0.0,43.1,43.1,0.79,15200000.0,3940000.0,57.8,29.4,29.4,IS_808_2021,9,32,"SI columns authoritative (mm, mm2, mm3, mm4, mm6); inch columns derived",ok,"rv_mm printed 294 disagrees with sqrt(I/A)=29.39 (A, I corroborated by mass/Ze) -> 29.4"
ISA150X150X18,ISA150X150X18,ISA 150 x 150 x 18,ISA,7.8895,25.2264,25.2264,1.316575,10.9843,10.9843,6.0902,6.0902,1.7953,1.7953,5.9055,0.70866,5.9055,0.70866,0.0,,5.1969,40.01,40.01,5090.0,10500000.0,10500000.0,150,150,18.0,18.0,,12.0,4.8,45.6,45.6,99800.0,99800.0,180000.0,180000.0,548000.0,0.0,43.9,43.9,0.79,16800000.0,4370000.0,57.4,29.3,29.3,IS_808_2021,10,34,"SI columns authoritative (mm, mm2, mm3, mm4, mm6); inch columns derived",ok,
ISA150X150X20,ISA150X150X20,ISA 150 x 150 x 20,ISA,8.711,27.6289,27.6289,1.792272,12.0827,12.0827,6.6516,6.6516,1.7835,1.7835,5.9055,0.7874,5.9055,0.7874,0.0,,5.1181,44.12,44.12,5620.0,11500000.0,11500000.0,150,150,20.0,20.0,,12.0,4.8,45.3,45.3,109000.0,109000.0,198000.0,198000.0,746000.0,0.0,44.6,44.6,0.79,18300000.0,4800000.0,57.1,29.2,29.2,IS_808_2021,9,32,"SI columns authoritative (mm, mm2, mm3, mm4, mm6); inch columns derived",ok,"rv_mm printed 292 disagrees with sqrt(I/A)=29.22 (A, I corroborated by mass/Ze) -> 29.2"
ISA180X180X15,ISA180X180X15,ISA 180 x 180 x 15,ISA,8.1065,38.6804,38.6804,0.932174,13.6083,13.6083,7.5059,7.5059,2.185,2.185,7.0866,0.59055,7.0866,0.59055,0.0,,6.4961,41.09,41.09,5230.0,16100000.0,16100000.0,180,180,15.0,15.0,,18.0,4.8,55.5,55.5,123000.0,123000.0,223000.0,223000.0,388000.0,0.0,50.0,50.0,0.79,25500000.0,6630000.0,69.9,35.6,35.6,IS_808_2021,10,34,"SI columns authoritative (mm, mm2, mm3, mm4, mm6); inch columns derived",ok,
ISA180X180X18,ISA180X180X18,ISA 180 x 180 x 18,ISA,9.6255,45.1672,45.1672,1.595266,16.1103,16.1103,8.9095,8.9095,2.1693,2.1693,7.0866,0.70866,7.0866,0.70866,0.0,,6.378,48.79,48.79,6210.0,18800000.0,18800000.0,180,180,18.0,18.0,,18.0,4.8,55.1,55.1,146000.0,146000.0,264000.0,264000.0,664000.0,0.0,51.2,51.2,0.79,29900000.0,7780000.0,69.4,35.4,35.4,IS_808_2021,10,34,"SI columns authoritative (mm, mm2, mm3, mm4, mm6); inch columns derived",ok,
ISA180X180X20,ISA180X180X20,ISA 180 x 180 x 20,ISA,10.633,49.4917,49.4917,2.176674,17.6969,17.7579,9.8248,9.8248,2.1614,2.1614,7.0866,0.7874,7.0866,0.7874,0.0,,6.2992,53.85,53.85,6859.999999999999,20600000.0,20600000.0,180,180,20.0,20.0,,18.0,4.8,54.9,54.9,161000.0,161000.0,290000.0,291000.0,906000.0,0.0,52.0,52.0,0.79,32700000.0,8530000.0,69.1,35.3,35.3,IS_808_2021,10,34,"SI columns authoritative (mm, mm2, mm3, mm4, mm6); inch columns derived",ok,
ISA200X100X10,ISA200X100X10,ISA 200 x 100 x 10,ISA,4.526,29.3106,5.1414,0.232082,10.0689,2.9719,5.7545,1.6415,2.5512,1.0669,7.874,0.3937,3.937,0.3937,0.0,,7.4803,22.93,22.93,2920.0,12200000.0,2140000.0,200,100,10.0,10.0,,12.0,4.8,64.8,27.1,94300.0,26900.0,165000.0,48700.0,96600.0,0.0,69.8,20.3,0.26,13000000.0,1370000.0,66.8,21.7,21.7,IS_808_2021,11,37,"SI columns authoritative (mm, mm2, mm3, mm4, mm6); inch columns derived",ok,
ISA200X150X10,ISA200X150X10,ISA 200 x 150 x 10,ISA,5.301,33.6351,16.5293,0.271484,11.1673,6.5295,6.1024,3.6736,2.5236,1.7638,7.874,0.3937,5.9055,0.3937,0.0,,7.4803,26.92,26.92,3420.0000000000005,14000000.0,6880000.0,200,150,10.0,10.0,,13.5,4.8,64.1,44.8,100000.0,60200.0,183000.0,107000.0,113000.0,0.0,60.2,35.5,0.51,17200000.0,3680000.0,71.0,32.8,32.8,IS_808_2021,11,37,"SI columns authoritative (mm, mm2, mm3, mm4, mm6); inch columns derived",ok,
ISA200X100X12,ISA200X100X12,ISA 200 x 100 x 12,ISA,5.3785,34.5961,6.0303,0.396414,11.9607,3.5577,6.8347,1.9467,2.5354,1.0591,7.874,0.47244,3.937,0.47244,0.0,,7.4016,27.29,27.29,3470.0000000000005,14400000.0,2510000.0,200,100,12.0,12.0,,12.0,4.8,64.4,26.9,112000.0,31900.0,196000.0,58300.0,165000.0,0.0,70.7,21.1,0.26,15300000.0,1610000.0,66.5,21.5,21.5,IS_808_2021,11,37,"SI columns authoritative (mm, mm2, mm3, mm4, mm6); inch columns derived",ok,"rz_mm printed 646 disagrees with sqrt(I/A)=64.42 (A, I corroborated by mass/Ze) -> 64.4"
ISA200X150X12,ISA200X150X12,ISA 200 x 150 x 12,ISA,6.324,39.8817,19.5084,0.466087,13.3032,7.75,7.2618,4.3571,2.5157,1.7559,7.874,0.47244,5.9055,0.47244,0.0,,7.4016,32.07,32.07,4079.9999999999995,16600000.0,8120000.0,200,150,12.0,12.0,,13.5,4.8,63.9,44.6,119000.0,71400.0,218000.0,127000.0,194000.0,0.0,61.1,36.3,0.51,20400000.0,4330000.0,70.7,32.6,32.6,IS_808_2021,11,37,"SI columns authoritative (mm, mm2, mm3, mm4, mm6); inch columns derived",ok,
ISA200X100X15,ISA200X100X15,ISA 200 x 100 x 15,ISA,6.6805,42.5244,7.2796,0.768803,14.7067,4.4486,8.4213,2.3799,2.5236,1.0433,7.874,0.59055,3.937,0.59055,0.0,,7.2835,33.86,33.86,4310.0,17700000.0,3030000.0,200,100,15.0,15.0,,15.0,4.8,64.1,26.5,138000.0,39000.0,241000.0,72900.0,320000.0,0.0,71.7,22.3,0.25,18700000.0,1960000.0,66.0,21.3,21.3,IS_808_2021,12,39,"SI columns authoritative (mm, mm2, mm3, mm4, mm6); inch columns derived",ok,
ISA200X100X16,ISA200X100X16,ISA 200 x 100 x 16,ISA,7.068,44.9269,7.664,0.929771,15.5611,4.7293,8.9095,2.5203,2.5197,1.0433,7.874,0.62992,3.937,0.62992,0.0,,7.2441,35.84,35.84,4560.0,18700000.0,3190000.0,200,100,16.0,16.0,,12.0,4.8,64.0,26.5,146000.0,41300.0,255000.0,77500.0,387000.0,0.0,72.3,22.7,0.25,19800000.0,2070000.0,65.9,21.3,21.3,IS_808_2021,11,37,"SI columns authoritative (mm, mm2, mm3, mm4, mm6); inch columns derived",ok,
ISA200X200X12,ISA200X200X12,ISA 200 x 200 x 12,ISA,7.2695,43.7257,43.7257,0.53576,13.7303,13.7303,7.628,7.628,2.4567,2.4567,7.874,0.47244,7.874,0.47244,0.0,,7.4016,36.85,36.85,4690.0,18200000.0,18200000.0,200,200,12.0,12.0,,15.0,4.8,62.4,62.4,125000.0,125000.0,225000.0,225000.0,223000.0,0.0,53.9,53.9,0.79,29000000.0,7460000.0,78.7,39.9,39.9,IS_808_2021,9,32,"SI columns authoritative (mm, mm2, mm3, mm4, mm6); inch columns derived",ok,"rv_mm printed 399 disagrees with sqrt(I/A)=39.88 (A, I corroborated by mass/Ze) -> 39.9"
ISA200X150X15,ISA200X150X15,ISA 200 x 150 x 15,ISA,7.843,48.7709,23.7368,0.903344,16.3544,9.5807,8.9705,5.3579,2.4961,1.7402,7.874,0.59055,5.9055,0.59055,0.0,,7.2835,39.75,39.75,5060.0,20300000.0,9880000.0,200,150,15.0,15.0,,15.0,4.8,63.4,44.2,147000.0,87800.0,268000.0,157000.0,376000.0,0.0,62.2,37.5,0.5,24900000.0,5300000.0,70.2,32.4,32.4,IS_808_2021,12,39,"SI columns authoritative (mm, mm2, mm3, mm4, mm6); inch columns derived",ok,
ISA200X150X16,ISA200X150X16,ISA 200 x 150 x 16,ISA,8.3235,51.654,24.9861,1.095544,17.3918,10.191,9.5197,5.6874,2.4921,1.7362,7.874,0.62992,5.9055,0.62992,0.0,,7.2441,42.18,42.18,5370.0,21500000.0,10400000.0,200,150,16.0,16.0,,13.5,4.8,63.3,44.1,156000.0,93200.0,285000.0,167000.0,456000.0,0.0,62.7,37.9,0.5,26300000.0,5600000.0,70.1,32.3,32.3,IS_808_2021,11,37,"SI columns authoritative (mm, mm2, mm3, mm4, mm6); inch columns derived",ok,
ISA200X150X18,ISA200X150X18,ISA 200 x 150 x 18,ISA,9.3155,57.42,27.6289,1.549619,19.3445,11.4114,10.6792,6.2854,2.4803,1.7244,7.874,0.70866,5.9055,0.70866,0.0,,7.1654,47.21,47.21,6010.0,23900000.0,11500000.0,200,150,18.0,18.0,,15.0,4.8,63.0,43.8,175000.0,103000.0,317000.0,187000.0,645000.0,0.0,63.4,38.6,0.5,29200000.0,6230000.0,69.7,32.2,32.2,IS_808_2021,12,39,"SI columns authoritative (mm, mm2, mm3, mm4, mm6); inch columns derived",ok,
ISA200X200X16,ISA200X200X16,ISA 200 x 200 x 16,ISA,9.579,56.6992,56.6992,1.258915,18.002,18.002,9.9469,9.9469,2.437,2.437,7.874,0.62992,7.874,0.62992,0.0,,7.2441,48.53,48.53,6180.0,23600000.0,23600000.0,200,200,16.0,16.0,,15.0,4.8,61.9,61.9,163000.0,163000.0,295000.0,295000.0,524000.0,0.0,55.6,55.6,0.79,37600000.0,9670000.0,78.0,39.6,39.6,IS_808_2021,9,32,"SI columns authoritative (mm, mm2, mm3, mm4, mm6); inch columns derived",ok,"rv_mm printed 396 disagrees with sqrt(I/A)=39.56 (A, I corroborated by mass/Ze) -> 39.6"
ISA200X150X20,ISA200X150X20,ISA 200 x 150 x 20,ISA,10.261,62.7055,30.2716,2.114208,21.2973,12.5709,11.7166,6.9567,2.4724,1.7165,7.874,0.7874,5.9055,0.7874,0.0,,7.0866,52.04,52.04,6620.0,26100000.0,12600000.0,200,150,20.0,20.0,,13.5,4.8,62.8,43.6,192000.0,114000.0,349000.0,206000.0,880000.0,0.0,64.2,39.4,0.5,31900000.0,6820000.0,69.4,32.1,32.1,IS_808_2021,11,37,"SI columns authoritative (mm, mm2, mm3, mm4, mm6); inch columns derived",ok,
ISA200X200X20,ISA200X200X20,ISA 200 x 200 x 20,ISA,11.8265,68.952,68.952,2.426535,22.0906,22.1516,12.2658,12.2658,2.4134,2.4134,7.874,0.7874,7.874,0.7874,0.0,,7.0866,59.96,59.96,7630.0,28700000.0,28700000.0,200,200,20.0,20.0,,15.0,4.8,61.3,61.3,201000.0,201000.0,362000.0,363000.0,1010000.0,0.0,57.1,57.1,0.79,45600000.0,11800000.0,77.3,39.3,39.3,IS_808_2021,9,32,"SI columns authoritative (mm, mm2, mm3, mm4, mm6); inch columns derived",ok,"rv_mm printed 393 disagrees with sqrt(I/A)=39.33 (A, I corroborated by mass/Ze) -> 39.3"
ISA200X200X24,ISA200X200X24,ISA 200 x 200 x 24,ISA,14.074,80.4841,80.4841,4.156342,26.0571,26.1182,14.4626,14.4626,2.3937,2.3937,7.874,0.94488,7.874,0.94488,0.0,,6.9291,71.31,71.31,9080.0,33500000.0,33500000.0,200,200,24.0,24.0,,18.0,4.8,60.8,60.8,237000.0,237000.0,427000.0,428000.0,1730000.0,0.0,58.5,58.5,0.79,53200000.0,13900000.0,76.5,39.1,39.1,IS_808_2021,10,34,"SI columns authoritative (mm, mm2, mm3, mm4, mm6); inch columns derived",ok,
ISA200X200X25,ISA200X200X25,ISA 200 x 200 x 25,ISA,14.5855,83.3671,83.3671,4.684894,27.0335,27.0945,15.0118,15.0118,2.3898,2.3898,7.874,0.98425,7.874,0.98425,0.0,,6.8898,73.9,73.9,9410.0,34700000.0,34700000.0,200,200,25.0,25.0,,15.0,4.8,60.7,60.7,246000.0,246000.0,443000.0,444000.0,1950000.0,0.0,59.0,59.0,0.79,55000000.0,14300000.0,76.5,39.0,39.0,IS_808_2021,9,32,"SI columns authoritative (mm, mm2, mm3, mm4, mm6); inch columns derived",ok,"rv_mm printed 391 disagrees with sqrt(I/A)=38.98 (A, I corroborated by mass/Ze) -> 39"
JB150,JB150,JB 150,JB,1.395,7.7121,0.2213,0.013166,3.0207,0.3637,2.6118,0.2246,2.3504,0.3976,5.9055,0.11811,1.9685,0.1811,1.8843,0.4972,5.7244,7.07,7.07,900.0,3210000.0,92100.00000000001,150.0,50.0,3.0,4.6,91.5,5.0,1.5,59.7,10.1,42800.0,3680.0,49500.0,5960.0,5480.0,506000000.0,,,,,,,,10.1,IS_808_2021,2,9,"SI columns authoritative (mm, mm2, mm3, mm4, mm6); inch columns derived",ok,
JB175,JB175,JB 175,JB,1.581,11.532,0.2318,0.01576,3.9177,0.3857,3.3502,0.2356,2.689,0.3815,6.8898,0.12598,1.9685,0.18898,2.6961,0.4858,6.7008,8.07,8.07,1019.9999999999999,4800000.0,96500.0,175.0,50.0,3.2,4.8,91.5,5.0,1.5,68.3,9.69,54900.0,3860.0,64200.0,6320.0,6560.0,724000000.0,,,,,,,,9.69,IS_808_2021,2,9,"SI columns authoritative (mm, mm2, mm3, mm4, mm6); inch columns derived",ok,
JB200,JB200,JB 200,JB,1.953,18.7396,0.4132,0.020974,5.5471,0.5706,4.7599,0.3515,3.0906,0.4567,7.874,0.13386,2.3622,0.19685,6.3679,0.5838,7.6772,9.92,9.92,1260.0,7800000.0,172000.0,200.0,60.0,3.4,5.0,91.5,5.0,1.5,78.5,11.6,78000.0,5760.0,90900.0,9350.0,8730.0,1710000000.0,,,,,,,,11.6,IS_808_2021,2,9,"SI columns authoritative (mm, mm2, mm3, mm4, mm6); inch columns derived",ok,
JB225,JB225,JB 225,JB,2.511,31.4729,0.9706,0.030512,8.1772,0.9886,7.0788,0.6163,3.5315,0.6181,8.8583,0.14567,3.1496,0.19685,19.2153,0.7811,8.6614,12.78,12.78,1620.0,13100000.0,404000.0,225.0,80.0,3.7,5.0,91.5,6.5,1.5,89.7,15.7,116000.0,10100.0,134000.0,16200.0,12700.0,5160000000.0,,,,,,,,15.7,IS_808_2021,2,9,"SI columns authoritative (mm, mm2, mm3, mm4, mm6); inch columns derived",ok,
JC100,JC100,JC 100,JC,1.1486,2.9551,0.3508,0.012469,1.7331,0.537,1.5134,0.2868,1.6102,0.5512,3.937,0.11811,1.7717,0.20079,0.9831,0.6229,3.7362,5.8,5.8,741.0,1230000.0,146000.0,100.0,45.0,3.0,5.1,91.5,6.0,2.0,40.9,14.0,24800.0,4700.0,28400.0,8800.0,5190.0,264000000.0,14.0,,,,,,,14.0,IS_808_2021,7,25,"SI columns authoritative (mm, mm2, mm3, mm4, mm6); inch columns derived",ok,
JC125,JC125,JC 125,JC,1.55,6.4628,0.603,0.025707,2.9963,0.8299,2.6301,0.4577,2.0354,0.622,4.9213,0.11811,1.9685,0.25984,2.6105,0.6907,4.6614,7.9,7.9,1000.0,2690000.0,251000.0,125.0,50.0,3.0,6.6,91.5,6.0,2.4,51.7,15.8,43100.0,7500.0,49100.0,13600.0,10700.0,701000000.0,16.4,,,,,,,15.8,IS_808_2021,7,25,"SI columns authoritative (mm, mm2, mm3, mm4, mm6); inch columns derived",ok,
JC150,JC150,JC 150,JC,1.953,11.3158,0.8985,0.035317,4.3998,1.1045,3.8384,0.598,2.4016,0.6772,5.9055,0.14173,2.1654,0.27165,5.6603,0.7665,5.6339,9.9,9.9,1260.0,4710000.0,374000.0,150.0,55.0,3.6,6.9,91.5,7.0,2.4,61.0,17.2,62900.0,9800.0,72100.0,18100.0,14700.0,1520000000.0,16.7,,,,,,,17.2,IS_808_2021,7,25,"SI columns authoritative (mm, mm2, mm3, mm4, mm6); inch columns derived",ok,
JC175,JC175,JC 175,JC,2.201,17.2981,1.1916,0.038921,5.7484,1.3364,5.0223,0.714,2.7992,0.7362,6.8898,0.14173,2.3622,0.27165,10.3524,0.8363,6.6181,11.2,11.2,1420.0,7200000.0,496000.0,175.0,60.0,3.6,6.9,91.5,7.0,3.0,71.1,18.7,82300.0,11700.0,94200.0,21900.0,16200.0,2780000000.0,17.5,,,,,,,18.7,IS_808_2021,7,25,"SI columns authoritative (mm, mm2, mm3, mm4, mm6); inch columns derived",ok,
JC200,JC200,JC 200,JC,2.7435,27.8691,1.9893,0.053576,8.1162,1.8917,7.0788,1.0069,3.1811,0.8504,7.874,0.16142,2.7559,0.27953,22.902,0.9765,7.5945,14.0,14.0,1770.0,11600000.0,828000.0,200.0,70.0,4.1,7.1,91.5,8.0,3.2,80.8,21.6,116000.0,16500.0,133000.0,31000.0,22300.0,6150000000.0,19.7,,,,,,,21.6,IS_808_2021,7,25,"SI columns authoritative (mm, mm2, mm3, mm4, mm6); inch columns derived",ok,
LB75,LB75,LB 75,LB,1.1951,1.7466,0.2403,0.017706,1.3608,0.3899,1.1778,0.2441,1.2087,0.4449,2.9528,0.14567,1.9685,0.19685,0.4729,0.535,2.7559,6.05,6.05,771.0,727000.0,100000.0,75.0,50.0,3.7,5.0,91.5,6.5,2.0,30.7,11.3,19300.0,4000.0,22300.0,6390.0,7370.0,127000000.0,,,,,,,,11.3,IS_808_2021,2,9,"SI columns authoritative (mm, mm2, mm3, mm4, mm6); inch columns derived",ok,
LB100,LB100,LB 100,LB,1.581,4.0362,0.3051,0.033155,2.3738,0.5004,2.0504,0.31,1.5945,0.437,3.937,0.15748,1.9685,0.25197,1.0874,0.53,3.685,8.01,8.01,1019.9999999999999,1680000.0,127000.0,100.0,50.0,4.0,6.4,91.5,7.0,3.0,40.5,11.1,33600.0,5080.0,38900.0,8200.0,13800.0,292000000.0,,,,,,,,11.1,IS_808_2021,2,9,"SI columns authoritative (mm, mm2, mm3, mm4, mm6); inch columns derived",ok,
LB125,LB125,LB 125,LB,2.3405,9.7542,1.0403,0.053095,4.5097,1.1167,3.9726,0.7018,2.0394,0.6654,4.9213,0.17323,2.9528,0.25591,5.9582,0.7916,4.6654,11.87,11.87,1510.0,4060000.0,433000.0,125.0,75.0,4.4,6.5,91.5,8.0,3.0,51.8,16.9,65100.0,11500.0,73900.0,18300.0,22100.0,1600000000.0,,,,,,,,16.9,IS_808_2021,2,10,"SI columns authoritative (mm, mm2, mm3, mm4, mm6); inch columns derived",ok,
LB150,LB150,LB 150,LB,2.79,16.5052,1.3262,0.072556,6.3465,1.3486,5.5959,0.8421,2.4252,0.685,5.9055,0.18898,3.1496,0.26772,11.06,0.8273,5.6378,14.19,14.19,1800.0,6870000.0,552000.0,150.0,80.0,4.8,6.8,91.5,9.5,3.0,61.6,17.4,91700.0,13800.0,104000.0,22100.0,30200.0,2970000000.0,,,,,,,,17.4,IS_808_2021,2,10,"SI columns authoritative (mm, mm2, mm3, mm4, mm6); inch columns derived",ok,
LB175,LB175,LB 175,LB,3.2705,26.1874,1.91,0.085289,8.6043,1.7209,7.5669,1.074,2.8268,0.7638,6.8898,0.19685,3.5433,0.27165,22.0455,0.926,6.6181,16.59,16.59,2110.0,10900000.0,795000.0,175.0,90.0,5.0,6.9,91.5,9.5,3.0,71.8,19.4,124000.0,17600.0,141000.0,28200.0,35500.0,5920000000.0,,,,,,,,19.4,IS_808_2021,2,10,"SI columns authoritative (mm, mm2, mm3, mm4, mm6); inch columns derived",ok,
LB200,LB200,LB 200,LB,3.906,40.6024,2.7629,0.110756,11.7166,2.2518,10.313,1.4035,3.2244,0.8386,7.874,0.2126,3.937,0.2874,41.7077,1.0202,7.5866,19.83,19.83,2520.0,16900000.0,1150000.0,200.0,100.0,5.4,7.3,91.5,9.5,3.0,81.9,21.3,169000.0,23000.0,192000.0,36900.0,46100.0,11200000000.0,,,,,,,,21.3,IS_808_2021,2,10,"SI columns authoritative (mm, mm2, mm3, mm4, mm6); inch columns derived",ok,
LB225,LB225,LB 225,LB,4.6345,60.0627,2.6908,0.203493,15.5,2.3921,13.5473,1.373,3.5984,0.7638,8.8583,0.22835,3.937,0.33858,62.1891,0.9772,8.5197,23.47,23.47,2990.0,25000000.0,1120000.0,225.0,100.0,5.8,8.6,98.0,12.0,6.0,91.4,19.4,222000.0,22500.0,254000.0,39200.0,84700.0,16700000000.0,,,,,,,,19.4,IS_808_2021,2,10,"SI columns authoritative (mm, mm2, mm3, mm4, mm6); inch columns derived",ok,
LB250,LB250,LB 250,LB,5.5025,89.3734,4.6368,0.245056,20.626,3.3746,18.1241,1.8856,4.0157,0.9173,9.8425,0.24016,4.9213,0.32283,145.232,1.1966,9.5197,27.87,27.87,3550.0,37200000.0,1930000.0,250.0,125.0,6.1,8.2,98.0,13.0,6.5,102.0,23.3,297000.0,30900.0,338000.0,55300.0,102000.0,39000000000.0,,,,,,,,23.3,IS_808_2021,2,10,"SI columns authoritative (mm, mm2, mm3, mm4, mm6); inch columns derived",ok,
LB275,LB275,LB 275,LB,6.51,129.0148,6.8952,0.336351,27.0335,4.4852,23.8603,2.502,4.4488,1.0276,10.8268,0.25197,5.5118,0.34646,265.1415,1.3387,10.4803,32.96,32.96,4200.0,53700000.0,2870000.0,275.0,140.0,6.4,8.8,98.0,14.0,7.0,113.0,26.1,391000.0,41000.0,443000.0,73500.0,140000.0,71200000000.0,,,,,,,,26.1,IS_808_2021,2,10,"SI columns authoritative (mm, mm2, mm3, mm4, mm6); inch columns derived",ok,
LB300,LB300,LB 300,LB,7.44,176.3442,9.0334,0.434854,33.8072,5.486,29.8406,3.0573,4.8425,1.0984,11.811,0.26378,5.9055,0.37008,413.3526,1.431,11.4409,37.72,37.72,4800.0,73400000.0,3760000.0,300.0,150.0,6.7,9.4,98.0,15.0,7.5,123.0,27.9,489000.0,50100.0,554000.0,89900.0,181000.0,111000000000.0,,,,,,,,27.9,IS_808_2021,2,10,"SI columns authoritative (mm, mm2, mm3, mm4, mm6); inch columns derived",ok,
LB325,LB325,LB 325,LB,8.494,237.3679,12.2528,0.547772,41.9843,6.7736,37.1024,3.7774,5.2756,1.2008,12.7953,0.27559,6.4961,0.38583,677.7493,1.5672,12.4094,43.07,43.07,5480.0,98800000.0,5100000.0,325.0,165.0,7.0,9.8,98.0,16.0,8.0,134.0,30.5,608000.0,61900.0,688000.0,111000.0,228000.0,182000000000.0,,,,,,,,30.5,IS_808_2021,2,10,"SI columns authoritative (mm, mm2, mm3, mm4, mm6); inch columns derived",ok,
LB350,LB350,LB 350,LB,9.765,314.7288,15.1839,0.776011,51.9312,8.1772,45.8899,4.6744,5.6693,1.2441,13.7795,0.29134,6.4961,0.44882,908.631,1.5999,13.3307,49.44,49.44,6300.0,131000000.0,6320000.0,350.0,165.0,7.4,11.4,98.0,16.0,8.0,144.0,31.6,752000.0,76600.0,851000.0,134000.0,323000.0,244000000000.0,,,,,,,,31.6,IS_808_2021,2,10,"SI columns authoritative (mm, mm2, mm3, mm4, mm6); inch columns derived",ok,
LB400,LB400,LB 400,LB,11.222,463.6844,17.202,0.989834,66.5159,9.2146,58.8879,5.2969,6.4291,1.2362,15.748,0.31496,6.4961,0.49213,1307.088,1.5957,15.2559,56.82,56.82,7240.000000000001,193000000.0,7160000.0,400.0,165.0,8.0,12.5,98.0,16.0,8.0,163.3,31.4,965000.0,86800.0,1090000.0,151000.0,412000.0,351000000000.0,,,,,,,,31.4,IS_808_2021,2,10,"SI columns authoritative (mm, mm2, mm3, mm4, mm6); inch columns derived",ok,"rz_mm printed 16.3 disagrees with sqrt(I/A)=163.27 (A, I corroborated by mass/Ze) -> 163.3 | ry_mm printed 3.14 disagrees with sqrt(I/A)=31.45 (A, I corroborated by mass/Ze) -> 31.4"
LB450,LB450,LB 450,LB,12.8805,660.6901,20.4934,1.2445,85.4332,10.6181,74.449,6.1024,7.1614,1.2598,17.7165,0.33858,6.6929,0.52756,1943.8744,1.6373,17.189,65.22,65.22,8310.0,275000000.0,8530000.0,450.0,170.0,8.6,13.4,98.0,16.0,8.0,181.9,32.0,1220000.0,100000.0,1400000.0,174000.0,518000.0,522000000000.0,,,,,,,,32.0,IS_808_2021,2,10,"SI columns authoritative (mm, mm2, mm3, mm4, mm6); inch columns derived",ok,"rz_mm printed 18.2 disagrees with sqrt(I/A)=181.91 (A, I corroborated by mass/Ze) -> 181.9 | ry_mm printed 3.2 disagrees with sqrt(I/A)=32.04 (A, I corroborated by mass/Ze) -> 32"
LB500,LB500,LB 500,LB,14.787,924.9662,25.4666,1.573644,108.012,12.5709,93.9766,7.2008,7.9094,1.311,19.685,0.3622,7.0866,0.55512,3008.9091,1.7163,19.1299,74.92,74.92,9540.0,385000000.0,10600000.0,500.0,180.0,9.2,14.1,98.0,17.0,8.5,200.9,33.3,1540000.0,118000.0,1770000.0,206000.0,655000.0,808000000000.0,,,,,,,,33.3,IS_808_2021,2,10,"SI columns authoritative (mm, mm2, mm3, mm4, mm6); inch columns derived",ok,"rz_mm printed 20.1 disagrees with sqrt(I/A)=200.89 (A, I corroborated by mass/Ze) -> 200.9 | ry_mm printed 3.33 disagrees with sqrt(I/A)=33.33 (A, I corroborated by mass/Ze) -> 33.3"
LB550,LB550,LB 550,LB,16.895,1275.7326,31.9534,2.030121,135.4727,15.0118,117.7758,8.5433,8.689,1.374,21.6535,0.38976,7.4803,0.59055,4543.1548,1.7986,21.063,86.28,86.28,10900.0,531000000.0,13300000.0,550.0,190.0,9.9,15.0,98.0,18.0,9.0,220.7,34.9,1930000.0,140000.0,2220000.0,246000.0,845000.0,1220000000000.0,,,,,,,,34.9,IS_808_2021,2,10,"SI columns authoritative (mm, mm2, mm3, mm4, mm6); inch columns derived",ok,"rz_mm printed 21.9 disagrees with sqrt(I/A)=220.72 (A, I corroborated by mass/Ze) -> 220.7 | ry_mm printed 3.48 disagrees with sqrt(I/A)=34.93 (A, I corroborated by mass/Ze) -> 34.9"
LB600,LB600,LB 600,LB,19.53,1751.4295,43.7257,2.570685,170.2562,18.6733,148.2877,10.5571,9.4685,1.4961,23.622,0.41339,8.2677,0.61024,7596.7506,1.9715,23.0118,99.39,99.39,12600.0,729000000.0,18200000.0,600.0,210.0,10.5,15.5,98.0,20.0,10.0,240.5,38.0,2430000.0,173000.0,2790000.0,306000.0,1070000.0,2040000000000.0,,,,,,,,38.0,IS_808_2021,2,10,"SI columns authoritative (mm, mm2, mm3, mm4, mm6); inch columns derived",ok,"LB 600 Iw printed '2 04 0000' (IS 808:2021 Table 2, pdf p.10) -> 2 040 000 x10^6 mm6 | rz_mm printed 23.9 disagrees with sqrt(I/A)=240.54 (A, I corroborated by mass/Ze) -> 240.5 | ry_mm printed 3.79 disagrees with sqrt(I/A)=38.01 (A, I corroborated by mass/Ze) -> 38"
LC75,LC75,LC 75,LC,1.1253,1.5833,0.2715,0.017442,1.2571,0.4699,1.074,0.2624,1.185,0.4921,2.9528,0.14567,1.5748,0.23622,0.4096,0.5572,2.7165,5.7,5.7,726.0,659000.0,113000.0,75.0,40.0,3.7,6.0,91.5,6.0,2.0,30.1,12.5,17600.0,4300.0,20600.0,7700.0,7260.0,110000000.0,13.5,,,,,,,12.5,IS_808_2021,7,25,"SI columns authoritative (mm, mm2, mm3, mm4, mm6); inch columns derived",ok,
LC100,LC100,LC 100,LC,1.55,3.9401,0.5862,0.026668,2.325,0.8116,2.0077,0.4394,1.5945,0.6142,3.937,0.15748,1.9685,0.25197,1.6162,0.6963,3.685,7.9,7.9,1000.0,1640000.0,244000.0,100.0,50.0,4.0,6.4,91.5,6.0,2.0,40.5,15.6,32900.0,7200.0,38100.0,13300.0,11100.0,434000000.0,16.2,,,,,,,15.6,IS_808_2021,7,25,"SI columns authoritative (mm, mm2, mm3, mm4, mm6); inch columns derived",ok,
LC125,LC125,LC 125,LC,2.108,8.5529,1.3526,0.040362,3.991,1.428,3.4845,0.7689,2.0118,0.7992,4.9213,0.17323,2.5591,0.25984,5.921,0.9012,4.6614,10.7,10.7,1360.0,3560000.0,563000.0,125.0,65.0,4.4,6.6,91.5,7.0,2.4,51.1,20.3,57100.0,12600.0,65400.0,23400.0,16800.0,1590000000.0,20.4,,,,,,,20.3,IS_808_2021,7,26,"SI columns authoritative (mm, mm2, mm3, mm4, mm6); inch columns derived",ok,
LC125X11.3,LC125X11.3,LC (P) 125,LC,2.2165,8.8893,1.2157,0.054537,4.1679,1.3425,3.6126,0.6652,2.0,0.7402,4.9213,0.1811,2.5591,0.27559,6.2189,0.8724,4.6457,11.3,11.3,1430.0,3700000.0,506000.0,125.0,65.0,4.6,7.0,96.0,7.0,2.4,50.8,18.8,59200.0,10900.0,68300.0,22000.0,22700.0,1670000000.0,18.7,,,,,,,18.8,IS_808_2021,7,26,"SI columns authoritative (mm, mm2, mm3, mm4, mm6); inch columns derived",ok,
LC150,LC150,LC 150,LC,2.8365,16.7455,2.4265,0.073036,6.4685,2.2274,5.6813,1.2144,2.4252,0.9252,5.9055,0.18898,2.9528,0.30709,15.3425,1.0363,5.5984,14.4,14.4,1830.0,6970000.0,1010000.0,150.0,75.0,4.8,7.8,91.5,8.0,2.4,61.6,23.5,93100.0,19900.0,106000.0,36500.0,30400.0,4120000000.0,23.9,,,,,,,23.5,IS_808_2021,7,26,"SI columns authoritative (mm, mm2, mm3, mm4, mm6); inch columns derived",ok,
LC150X15.6,LC150X15.6,LC (P) 150,LC,3.069,18.0188,2.3088,0.109314,6.9567,2.1785,6.1024,1.1167,2.4213,0.8661,5.9055,0.19685,2.9528,0.34252,16.5713,1.0068,5.563,15.6,15.6,1980.0,7500000.0,961000.0,150.0,75.0,5.0,8.7,96.0,8.0,2.4,61.5,22.0,100000.0,18300.0,114000.0,35700.0,45500.0,4450000000.0,22.4,,,,,,,22.0,IS_808_2021,7,26,"SI columns authoritative (mm, mm2, mm3, mm4, mm6); inch columns derived",ok,
LC175,LC175,LC 175,LC,3.472,27.3886,2.9791,0.121807,9.1536,2.7278,7.9941,1.489,2.8189,0.9291,6.8898,0.20079,2.9528,0.37402,25.4342,1.0435,6.5157,17.6,17.6,2240.0,11400000.0,1240000.0,175.0,75.0,5.1,9.5,91.5,8.0,3.2,71.6,23.6,131000.0,24400.0,150000.0,44700.0,50700.0,6830000000.0,24.0,,,,,,,23.6,IS_808_2021,7,26,"SI columns authoritative (mm, mm2, mm3, mm4, mm6); inch columns derived",ok,
LC200,LC200,LC 200,LC,4.061,41.3232,3.4596,0.175623,12.1437,3.161,10.4961,1.7209,3.1929,0.9252,7.874,0.21654,2.9528,0.4252,38.3561,1.0476,7.4488,20.6,20.6,2620.0,17200000.0,1440000.0,200.0,75.0,5.5,10.8,91.5,8.5,3.2,81.1,23.5,172000.0,28200.0,199000.0,51800.0,73100.0,10300000000.0,23.6,,,,,,,23.5,IS_808_2021,7,26,"SI columns authoritative (mm, mm2, mm3, mm4, mm6); inch columns derived",ok,
LC200X21.5,LC200X21.5,LC (P) 200,LC,4.2315,43.0049,3.2674,0.219349,12.6319,3.0634,10.9233,1.5805,3.185,0.878,7.874,0.22441,2.9528,0.44882,40.2181,1.0244,7.4252,21.5,21.5,2730.0,17900000.0,1360000.0,200.0,75.0,5.7,11.4,96.0,8.5,3.2,80.9,22.3,179000.0,25900.0,207000.0,50200.0,91300.0,10800000000.0,22.3,,,,,,,22.3,IS_808_2021,7,26,"SI columns authoritative (mm, mm2, mm3, mm4, mm6); inch columns derived",ok,
LC225,LC225,LC 225,LC,4.7275,61.264,4.9732,0.223433,15.8662,3.9177,13.7914,1.9406,3.5984,1.0236,8.8583,0.22835,3.5433,0.40157,82.6705,1.2125,8.4567,24.0,24.0,3050.0,25500000.0,2070000.0,225.0,90.0,5.8,10.2,96.0,11.0,3.2,91.4,26.0,226000.0,31800.0,260000.0,64200.0,93000.0,22200000000.0,24.7,,,,,,,26.0,IS_808_2021,7,26,"SI columns authoritative (mm, mm2, mm3, mm4, mm6); inch columns derived",ok,
LC250,LC250,LC 250,LC,5.518,88.6526,7.0874,0.288301,20.626,5.0345,18.002,2.4776,3.9764,1.1339,9.8425,0.24016,3.937,0.42126,147.8387,1.3409,9.4213,28.0,28.0,3560.0,36900000.0,2950000.0,250.0,100.0,6.1,10.7,96.0,11.0,3.2,101.0,28.8,295000.0,40600.0,338000.0,82500.0,120000.0,39700000000.0,27.1,,,,,,,28.8,IS_808_2021,7,26,"SI columns authoritative (mm, mm2, mm3, mm4, mm6); inch columns derived",ok,
LC300,LC300,LC 300,LC,6.5255,145.3518,8.2646,0.374791,28.4981,5.7484,24.5926,2.8254,4.685,1.126,11.811,0.26378,3.937,0.45669,247.2668,1.3558,11.3543,33.1,33.1,4210.0,60500000.0,3440000.0,300.0,100.0,6.7,11.6,96.0,12.0,3.2,119.0,28.6,403000.0,46300.0,467000.0,94200.0,156000.0,66400000000.0,25.6,,,,,,,28.6,IS_808_2021,7,26,"SI columns authoritative (mm, mm2, mm3, mm4, mm6); inch columns derived",ok,
LC300X33.1,LC300X33.1,LC (P) 300,LC,6.5255,141.9883,6.7751,0.403622,28.0709,5.1443,24.0434,2.5874,4.6457,1.0197,11.811,0.27559,3.5433,0.49213,197.3666,1.2332,11.3189,33.1,33.1,4210.0,59100000.0,2820000.0,300.0,90.0,7.0,12.5,96.0,12.0,3.2,118.0,25.9,394000.0,42400.0,460000.0,84300.0,168000.0,53000000000.0,23.2,,,,,,,25.9,IS_808_2021,7,26,"SI columns authoritative (mm, mm2, mm3, mm4, mm6); inch columns derived",ok,
LC350,LC350,LC 350,LC,7.657,223.6736,9.3938,0.487709,38.0178,6.2854,32.4646,3.1488,5.3937,1.1063,13.7795,0.29134,3.937,0.49213,383.5614,1.3598,13.2874,38.9,38.9,4940.0,93100000.0,3910000.0,350.0,100.0,7.4,12.5,96.0,13.0,4.8,137.0,28.1,532000.0,51600.0,623000.0,103000.0,203000.0,103000000000.0,24.2,,,,,,,28.1,IS_808_2021,7,26,"SI columns authoritative (mm, mm2, mm3, mm4, mm6); inch columns derived",ok,
LC400,LC400,LC 400,LC,9.021,333.9488,10.9795,0.6703,50.3446,7.1398,42.6556,3.6614,6.1024,1.1024,15.748,0.31496,3.937,0.55118,584.6519,1.3705,15.1969,45.8,45.8,5820.0,139000000.0,4570000.0,400.0,100.0,8.0,14.0,96.0,14.0,4.8,155.0,28.0,699000.0,60000.0,825000.0,117000.0,279000.0,157000000000.0,23.7,,,,,,,28.0,IS_808_2021,7,26,"SI columns authoritative (mm, mm2, mm3, mm4, mm6); inch columns derived",ok,"Izz cell wraps '13 / 900' in IS 808:2021 Table 8 (pdf p.26, printed p.24)"
MB100,MB100,MB 100,MB,1.767,4.3726,0.3003,0.051654,2.5996,0.5236,2.2213,0.3057,1.5709,0.4094,3.937,0.18504,1.9685,0.27559,1.173,0.5169,3.6614,8.95,8.95,1140.0,1820000.0,125000.0,100.0,50.0,4.7,7.0,98.0,9.0,4.5,39.9,10.4,36400.0,5010.0,42600.0,8580.0,21500.0,315000000.0,,,,,,,,10.4,IS_808_2021,1,7,"SI columns authoritative (mm, mm2, mm3, mm4, mm6); inch columns derived",ok,
MB125,MB125,MB 125,MB,2.635,10.6912,0.9226,0.09586,5.01,1.1228,4.351,0.6652,2.0118,0.5906,4.9213,0.19685,2.7559,0.31496,5.8093,0.7294,4.6063,13.35,13.35,1700.0,4450000.0,384000.0,125.0,70.0,5.0,8.0,98.0,9.0,4.5,51.1,15.0,71300.0,10900.0,82100.0,18400.0,39900.0,1560000000.0,,,,,,,,15.0,IS_808_2021,1,7,"SI columns authoritative (mm, mm2, mm3, mm4, mm6); inch columns derived",ok,
MB150,MB150,MB 150,MB,2.945,17.25,1.122,0.104749,6.6516,1.2815,5.84,0.7567,2.4134,0.6142,5.9055,0.19685,2.9528,0.31496,10.5386,0.7673,5.5906,14.96,14.96,1900.0,7180000.0,467000.0,150.0,75.0,5.0,8.0,98.0,9.0,4.5,61.3,15.6,95700.0,12400.0,109000.0,21000.0,43600.0,2830000000.0,,,,,,,,15.6,IS_808_2021,1,7,"SI columns authoritative (mm, mm2, mm3, mm4, mm6); inch columns derived",ok,
MB175,MB175,MB 175,MB,3.844,30.2716,1.8403,0.17226,10.0689,1.8612,8.7874,1.0984,2.8031,0.689,6.8898,0.22835,3.3465,0.35433,23.6095,0.8661,6.5354,19.5,19.5,2480.0,12600000.0,766000.0,175.0,85.0,5.8,9.0,98.0,10.0,5.0,71.2,17.5,144000.0,18000.0,165000.0,30500.0,71700.0,6340000000.0,,,,,,,,17.5,IS_808_2021,1,7,"SI columns authoritative (mm, mm2, mm3, mm4, mm6); inch columns derived",ok,
MB200,MB200,MB 200,MB,4.774,50.693,3.2674,0.257069,14.6457,2.8071,12.876,1.6659,3.2598,0.8268,7.874,0.22441,3.937,0.3937,55.8585,1.0243,7.4803,24.17,24.17,3080.0,21100000.0,1360000.0,200.0,100.0,5.7,10.0,98.0,11.0,5.5,82.8,21.0,211000.0,27300.0,240000.0,46000.0,107000.0,15000000000.0,,,,,,,,21.0,IS_808_2021,1,7,"SI columns authoritative (mm, mm2, mm3, mm4, mm6); inch columns derived",ok,
MB225,MB225,MB 225,MB,6.1535,82.6463,5.2375,0.446867,21.2363,4.0459,18.6733,2.4165,3.6654,0.9213,8.8583,0.25591,4.3307,0.46457,110.5998,1.1353,8.3937,31.15,31.15,3970.0000000000005,34400000.0,2180000.0,225.0,110.0,6.5,11.8,98.0,12.0,6.0,93.1,23.4,306000.0,39600.0,348000.0,66300.0,186000.0,29700000000.0,,,,,,,,23.4,IS_808_2021,1,7,"SI columns authoritative (mm, mm2, mm3, mm4, mm6); inch columns derived",ok,
MB250,MB250,MB 250,MB,7.3625,123.2487,8.0244,0.61264,28.376,5.4738,25.0197,3.2648,4.0551,1.0433,9.8425,0.27165,4.9213,0.49213,213.3793,1.286,9.3504,37.3,37.3,4750.0,51300000.0,3340000.0,250.0,125.0,6.9,12.5,98.0,13.0,6.5,103.0,26.5,410000.0,53500.0,465000.0,89700.0,255000.0,57300000000.0,,,,,,,,26.5,IS_808_2021,1,7,"SI columns authoritative (mm, mm2, mm3, mm4, mm6); inch columns derived",ok,
MB300,MB300,MB 300,MB,9.083,215.9856,11.6762,0.833671,41.5572,7.1398,36.5532,4.235,4.8425,1.1299,11.811,0.30315,5.5118,0.51575,458.0394,1.4145,11.2953,46.02,46.02,5860.0,89900000.0,4860000.0,300.0,140.0,7.7,13.1,98.0,14.0,7.0,123.0,28.7,599000.0,69400.0,681000.0,117000.0,347000.0,123000000000.0,,,,,,,,28.7,IS_808_2021,1,7,"SI columns authoritative (mm, mm2, mm3, mm4, mm6); inch columns derived",ok,
MB350,MB350,MB 350,MB,10.3385,326.7413,12.9015,1.035482,54.2501,7.8721,47.5375,4.6866,5.5906,1.1142,13.7795,0.3189,5.5118,0.55906,681.4732,1.4044,13.2205,52.33,52.33,6670.0,136000000.0,5370000.0,350.0,140.0,8.1,14.2,98.0,14.0,7.0,142.0,28.3,779000.0,76800.0,889000.0,129000.0,431000.0,183000000000.0,,,,,,,,28.3,IS_808_2021,1,7,"SI columns authoritative (mm, mm2, mm3, mm4, mm6); inch columns derived",ok,
MB400,MB400,MB 400,MB,12.152,490.112,14.9436,1.431896,71.3978,9.0925,62.2442,5.4189,6.3386,1.1063,15.748,0.35039,5.5118,0.62992,1001.7284,1.402,15.1181,61.55,61.55,7840.000000000001,204000000.0,6220000.0,400.0,140.0,8.9,16.0,98.0,14.0,7.0,161.0,28.1,1020000.0,88800.0,1170000.0,149000.0,596000.0,269000000000.0,,,,,,,,28.1,IS_808_2021,1,8,"SI columns authoritative (mm, mm2, mm3, mm4, mm6); inch columns derived",ok,
MB450,MB450,MB 450,MB,14.291,730.3629,20.0369,1.946033,94.5868,11.4114,82.3821,6.7736,7.126,1.1811,17.7165,0.37008,5.9055,0.68504,1701.8211,1.4972,17.0315,72.38,72.38,9220.0,304000000.0,8340000.0,450.0,150.0,9.4,17.4,98.0,15.0,7.5,181.0,30.0,1350000.0,111000.0,1550000.0,187000.0,810000.0,457000000000.0,,,,,,,,30.0,IS_808_2021,1,8,"SI columns authoritative (mm, mm2, mm3, mm4, mm6); inch columns derived",ok,
MB500,MB500,MB 500,MB,17.05,1085.9343,32.6741,2.474585,126.3192,15.8051,109.8427,9.2756,7.9528,1.3819,19.685,0.40157,7.0866,0.67717,3627.076,1.7703,19.0079,86.88,86.88,11000.0,452000000.0,13600000.0,500.0,180.0,10.2,17.2,98.0,17.0,8.5,202.0,35.1,1800000.0,152000.0,2070000.0,259000.0,1030000.0,974000000000.0,,,,,,,,35.1,IS_808_2021,1,8,"SI columns authoritative (mm, mm2, mm3, mm4, mm6); inch columns derived",ok,
MB550,MB550,MB 550,MB,20.46,1559.2287,43.9659,3.603764,165.3743,20.0158,144.016,11.7776,8.7008,1.4646,21.6535,0.44094,7.4803,0.75984,5772.0409,1.8703,20.8937,103.64,103.64,13200.0,649000000.0,18300000.0,550.0,190.0,11.2,19.3,98.0,18.0,9.0,221.0,37.2,2360000.0,193000.0,2710000.0,328000.0,1500000.0,1550000000000.0,,,,,,,,37.2,IS_808_2021,1,8,"SI columns authoritative (mm, mm2, mm3, mm4, mm6); inch columns derived",ok,
MB600,MB600,MB 600,MB,23.87,2167.0637,61.7445,4.756969,210.5319,25.5079,183.0712,14.9508,9.4882,1.6063,23.622,0.47244,8.2677,0.79921,9793.85,2.061,22.8228,121.0,121.0,15400.0,902000000.0,25700000.0,600.0,210.0,12.0,20.3,98.0,20.0,10.0,241.0,40.8,3000000.0,245000.0,3450000.0,418000.0,1980000.0,2630000000000.0,,,,,,,,40.8,IS_808_2021,1,8,"SI columns authoritative (mm, mm2, mm3, mm4, mm6); inch columns derived",ok,
MC75,MC75,MC 75,MC,1.4074,1.8788,0.3051,0.0382,1.5256,0.5492,1.2754,0.2929,1.1535,0.4646,2.9528,0.18898,1.5748,0.29528,0.4916,0.551,2.6575,7.14,7.14,908.0,782000.0,127000.0,75.0,40.0,4.8,7.5,96.0,8.5,2.4,29.3,11.8,20900.0,4800.0,25000.0,9000.0,15900.0,132000000.0,13.2,,,,,,,11.8,IS_808_2021,6,23,"SI columns authoritative (mm, mm2, mm3, mm4, mm6); inch columns derived",ok,"rz_mm printed 39.4 disagrees with sqrt(I/A)=29.35 (A, I corroborated by mass/Ze) -> 29.3"
MC100,MC100,MC 100,MC,1.8755,4.5888,0.6319,0.054056,2.7583,0.9032,2.3433,0.4638,1.563,0.5787,3.937,0.19685,1.9685,0.30315,1.9066,0.6844,3.6339,9.56,9.56,1210.0,1910000.0,263000.0,100.0,50.0,5.0,7.7,96.0,9.0,2.4,39.7,14.7,38400.0,7600.0,45200.0,14800.0,22500.0,512000000.0,15.4,,,,,,,14.7,IS_808_2021,6,23,"SI columns authoritative (mm, mm2, mm3, mm4, mm6); inch columns derived",ok,
MC125,MC125,MC 125,MC,2.573,10.1866,1.4487,0.08625,4.8148,1.5866,4.1435,0.8116,1.9882,0.748,4.9213,0.20866,2.5591,0.32283,7.0754,0.879,4.5984,13.1,13.1,1660.0000000000002,4240000.0,603000.0,125.0,65.0,5.3,8.2,96.0,9.5,2.4,50.5,19.0,67900.0,13300.0,78900.0,26000.0,35900.0,1900000000.0,19.5,,,,,,,19.0,IS_808_2021,6,23,"SI columns authoritative (mm, mm2, mm3, mm4, mm6); inch columns derived",ok,
MC125X13.7,MC125X13.7,MC 125,MC,2.697,10.4029,1.5304,0.093698,4.9551,1.6537,4.235,0.8299,1.9606,0.752,4.9213,0.23622,2.5984,0.3189,7.5595,0.8962,4.6024,13.7,13.7,1739.9999999999998,4330000.0,637000.0,125.0,66.0,6.0,8.1,96.0,9.5,2.4,49.8,19.1,69400.0,13600.0,81200.0,27100.0,39000.0,2030000000.0,19.2,,,,,,,19.1,IS_808_2021,6,23,"SI columns authoritative (mm, mm2, mm3, mm4, mm6); inch columns derived",ok,
MC150,MC150,MC 150,MC,3.3015,18.8837,2.4506,0.130937,7.3839,2.325,6.3465,1.1778,2.3937,0.8622,5.9055,0.22441,2.9528,0.35433,17.5023,1.0158,5.5512,16.8,16.8,2130.0,7860000.0,1020000.0,150.0,75.0,5.7,9.0,96.0,10.0,2.4,60.8,21.9,104000.0,19300.0,121000.0,38100.0,54500.0,4700000000.0,22.0,,,,,,,21.9,IS_808_2021,6,23,"SI columns authoritative (mm, mm2, mm3, mm4, mm6); inch columns derived",ok,
MC150X17.7,MC150X17.7,MC 150,MC,3.4875,19.4603,2.5947,0.145832,7.689,2.4409,6.5906,1.2205,2.3622,0.8661,5.9055,0.25591,2.9921,0.35433,18.8429,1.03,5.5512,17.7,17.7,2250.0,8100000.0,1080000.0,150.0,76.0,6.5,9.0,96.0,10.0,2.4,60.0,22.0,108000.0,20000.0,126000.0,40000.0,60700.0,5060000000.0,21.7,,,,,,,22.0,IS_808_2021,6,23,"SI columns authoritative (mm, mm2, mm3, mm4, mm6); inch columns derived",ok,
MC175,MC175,MC 175,MC,3.844,29.5509,2.883,0.179948,9.9469,2.7278,8.6043,1.3852,2.7717,0.8661,6.8898,0.23622,2.9528,0.40157,27.743,1.0195,6.4882,19.6,19.6,2480.0,12300000.0,1200000.0,175.0,75.0,6.0,10.2,96.0,10.5,3.2,70.4,22.0,141000.0,22700.0,163000.0,44700.0,74900.0,7450000000.0,21.9,,,,,,,22.0,IS_808_2021,6,23,"SI columns authoritative (mm, mm2, mm3, mm4, mm6); inch columns derived",ok,
MC175X22.7,MC175X22.7,MC 175,MC,4.2315,30.9924,3.1233,0.216466,10.6181,2.8925,8.9705,1.4463,2.7047,0.8583,6.8898,0.29528,2.9921,0.40157,30.7222,1.045,6.4882,21.43,22.7,2730.0,12900000.0,1300000.0,175.0,76.0,7.5,10.2,96.0,10.5,3.2,68.7,21.8,147000.0,23700.0,174000.0,47400.0,90100.0,8250000000.0,21.4,,,,,,,21.8,IS_808_2021,6,23,"SI columns authoritative (mm, mm2, mm3, mm4, mm6); inch columns derived",ok,"printed mass 22.7 kg/m disagrees with 0.00785A=21.43; A corroborated by Izz/rz, Iyy/ry and Ze -> Mass_kg_m=21.43 (designation label keeps the printed mass)"
MC200,MC200,MC 200,MC,4.402,43.7257,3.3395,0.237608,12.937,3.1244,11.1063,1.5988,3.1575,0.8701,7.874,0.24409,2.9528,0.44882,40.9629,1.0262,7.4252,22.3,22.3,2840.0,18200000.0,1390000.0,200.0,75.0,6.2,11.4,96.0,11.0,3.2,80.2,22.1,182000.0,26200.0,212000.0,51200.0,98900.0,11000000000.0,22.0,,,,,,,22.1,IS_808_2021,6,23,"SI columns authoritative (mm, mm2, mm3, mm4, mm6); inch columns derived",ok,
MC200X24.3,MC200X24.3,MC 200,MC,4.7895,45.6477,3.5797,0.273886,13.6693,3.2831,11.5945,1.6659,3.0906,0.8661,7.874,0.29528,2.9921,0.44882,45.0592,1.0466,7.4252,24.3,24.3,3090.0,19000000.0,1490000.0,200.0,76.0,7.5,11.4,96.0,11.0,3.2,78.5,22.0,190000.0,27300.0,224000.0,53800.0,114000.0,12100000000.0,21.2,,,,,,,22.0,IS_808_2021,6,23,"SI columns authoritative (mm, mm2, mm3, mm4, mm6); inch columns derived",ok,
MC225,MC225,MC 225,MC,5.146,64.8678,4.4446,0.319534,17.0256,3.8933,14.6457,1.9955,3.5512,0.9291,8.8583,0.25591,3.1496,0.48819,69.6369,1.096,8.3701,26.1,26.1,3320.0000000000005,27000000.0,1850000.0,225.0,80.0,6.5,12.4,96.0,12.0,3.2,90.2,23.6,240000.0,32700.0,279000.0,63800.0,133000.0,18700000000.0,23.1,,,,,,,23.6,IS_808_2021,6,23,"SI columns authoritative (mm, mm2, mm3, mm4, mm6); inch columns derived",ok,
MC225X30.7,MC225X30.7,MC 225,MC,5.9985,70.1533,5.0453,0.422842,18.8563,4.1862,15.8662,2.1419,3.4213,0.9173,8.8583,0.35433,3.2283,0.48819,81.9257,1.132,8.3701,30.7,30.7,3870.0000000000005,29200000.0,2100000.0,225.0,82.0,9.0,12.4,96.0,12.0,3.2,86.9,23.3,260000.0,35100.0,309000.0,68600.0,176000.0,22000000000.0,22.2,,,,,,,23.3,IS_808_2021,6,23,"SI columns authoritative (mm, mm2, mm3, mm4, mm6); inch columns derived",ok,
MC250,MC250,MC 250,MC,6.0295,91.7759,5.2375,0.454074,21.8465,4.528,18.6733,2.3311,3.9055,0.9331,9.8425,0.28346,3.1496,0.55512,99.8004,1.1065,9.2874,30.6,30.6,3890.0,38200000.0,2180000.0,250.0,80.0,7.2,14.1,96.0,12.0,3.2,99.2,23.7,306000.0,38200.0,358000.0,74200.0,189000.0,26800000000.0,23.0,,,,,,,23.7,IS_808_2021,6,23,"SI columns authoritative (mm, mm2, mm3, mm4, mm6); inch columns derived",ok,
MC250X34.2,MC250X34.2,MC 250,MC,6.727,97.5419,5.8141,0.547772,23.5552,4.8026,19.8327,2.4837,3.811,0.9291,9.8425,0.35433,3.2283,0.55512,113.9513,1.1392,9.2874,34.2,34.2,4340.0,40600000.0,2420000.0,250.0,82.0,9.0,14.1,96.0,12.0,3.2,96.8,23.6,325000.0,40700.0,386000.0,78700.0,228000.0,30600000000.0,22.3,,,,,,,23.6,IS_808_2021,6,24,"SI columns authoritative (mm, mm2, mm3, mm4, mm6); inch columns derived",ok,"ry_mm printed 2.36 disagrees with sqrt(I/A)=23.61 (A, I corroborated by mass/Ze) -> 23.6"
MC250X38.1,MC250X38.1,MC 250,MC,7.4555,102.8274,6.1985,0.684715,25.2638,4.9307,20.8701,2.5691,3.7165,0.9134,9.8425,0.43307,3.2677,0.55512,125.8677,1.1569,9.2874,38.1,38.1,4810.0,42800000.0,2580000.0,250.0,83.0,11.0,14.1,96.0,12.0,3.2,94.4,23.2,342000.0,42100.0,414000.0,80800.0,285000.0,33800000000.0,21.9,,,,,,,23.2,IS_808_2021,6,24,"SI columns authoritative (mm, mm2, mm3, mm4, mm6); inch columns derived",ok,"ry_mm printed 2.32 disagrees with sqrt(I/A)=23.16 (A, I corroborated by mass/Ze) -> 23.2"
MC300,MC300,MC 300,MC,7.161,153.7606,7.4718,0.521345,30.5729,5.6081,26.0571,2.8559,4.6063,1.0197,11.811,0.30709,3.5433,0.53543,214.1241,1.239,11.2756,36.3,36.3,4620.0,64000000.0,3110000.0,300.0,90.0,7.8,13.6,96.0,13.0,3.2,117.0,25.9,427000.0,46800.0,501000.0,91900.0,217000.0,57500000000.0,23.5,,,,,,,25.9,IS_808_2021,6,24,"SI columns authoritative (mm, mm2, mm3, mm4, mm6); inch columns derived",ok,"ry_mm printed 2.59 disagrees with sqrt(I/A)=25.95 (A, I corroborated by mass/Ze) -> 25.9"
MC300X41.5,MC300X41.5,MC 300,MC,8.1685,165.2927,8.2646,0.675105,33.502,5.8766,27.9489,3.0268,4.4882,1.0039,11.811,0.3937,3.622,0.53543,246.1496,1.2704,11.2756,41.5,41.5,5270.0,68800000.0,3440000.0,300.0,92.0,10.0,13.6,96.0,13.0,3.2,114.0,25.5,458000.0,49600.0,549000.0,96300.0,281000.0,66100000000.0,22.6,,,,,,,25.5,IS_808_2021,6,24,"SI columns authoritative (mm, mm2, mm3, mm4, mm6); inch columns derived",ok,"ry_mm printed 2.55 disagrees with sqrt(I/A)=25.55 (A, I corroborated by mass/Ze) -> 25.5"
MC300X46.2,MC300X46.2,MC 300,MC,9.052,174.4222,8.7211,0.867306,35.943,6.023,29.5355,3.1244,4.3701,0.9803,11.811,0.47244,3.6614,0.53543,269.2378,1.2809,11.2756,46.2,46.2,5840.0,72600000.0,3630000.0,300.0,93.0,12.0,13.6,96.0,13.0,3.2,111.0,24.9,484000.0,51200.0,589000.0,98700.0,361000.0,72300000000.0,22.2,,,,,,,24.9,IS_808_2021,6,24,"SI columns authoritative (mm, mm2, mm3, mm4, mm6); inch columns derived",ok,"ry_mm printed 2.49 disagrees with sqrt(I/A)=24.93 (A, I corroborated by mass/Ze) -> 24.9"
MC350,MC350,MC 350,MC,8.4165,240.251,10.3068,0.627055,41.3131,6.8347,35.0887,3.4661,5.3543,1.1063,13.7795,0.32677,3.937,0.5315,417.0765,1.3669,13.248,42.7,42.7,5430.0,100000000.0,4290000.0,350.0,100.0,8.3,13.5,96.0,14.0,4.8,136.0,28.1,575000.0,56800.0,677000.0,112000.0,261000.0,112000000000.0,24.4,,,,,,,28.1,IS_808_2021,6,24,"SI columns authoritative (mm, mm2, mm3, mm4, mm6); inch columns derived",ok,"ry_mm printed 2.81 disagrees with sqrt(I/A)=28.11 (A, I corroborated by mass/Ze) -> 28.1"
MC400,MC400,MC 400,MC,9.8735,362.779,12.1086,0.867306,54.7993,7.8721,46.256,4.0581,6.063,1.1063,15.748,0.34646,3.937,0.60236,633.0625,1.3758,15.1457,50.1,50.1,6370.0,151000000.0,5040000.0,400.0,100.0,8.8,15.3,96.0,15.0,4.8,154.0,28.1,758000.0,66500.0,898000.0,129000.0,361000.0,170000000000.0,24.2,,,,,,,28.1,IS_808_2021,6,24,"SI columns authoritative (mm, mm2, mm3, mm4, mm6); inch columns derived",ok,"ry_mm printed 2.81 disagrees with sqrt(I/A)=28.13 (A, I corroborated by mass/Ze) -> 28.1"
MPC75,MPC75,MPC 75,MPC,1.4105,1.8884,0.3291,0.035557,1.5378,0.5797,1.2815,0.3173,1.1575,0.4843,2.9528,0.18898,1.5748,0.29528,0.4916,0.5602,2.6575,7.14,7.14,910.0,786000.0,137000.0,75.0,40.0,4.8,7.5,90.0,8.5,4.5,29.4,12.3,21000.0,5200.0,25200.0,9500.0,14800.0,132000000.0,13.8,,,,,,,12.3,IS_808_2021,8,27,"SI columns authoritative (mm, mm2, mm3, mm4, mm6); inch columns derived",ok,
MPC100,MPC100,MPC 100,MPC,1.8755,4.6368,0.7063,0.049011,2.7766,0.9764,2.3555,0.537,1.5669,0.6102,3.937,0.19685,1.9685,0.30315,1.9066,0.7019,3.6339,9.56,9.56,1210.0,1930000.0,294000.0,100.0,50.0,5.0,7.7,90.0,9.0,4.5,39.8,15.5,38600.0,8800.0,45500.0,16000.0,20400.0,512000000.0,16.5,,,,,,,15.5,IS_808_2021,8,27,"SI columns authoritative (mm, mm2, mm3, mm4, mm6); inch columns derived",ok,
MPC125,MPC125,MPC 125,MPC,2.5885,10.2347,1.677,0.075439,4.8392,1.7758,4.1618,0.9703,1.9843,0.8031,4.9213,0.21654,2.5591,0.3189,7.0754,0.9098,4.6024,13.1,13.1,1670.0,4260000.0,698000.0,125.0,65.0,5.5,8.1,90.0,9.5,5.0,50.4,20.4,68200.0,15900.0,79300.0,29100.0,31400.0,1900000000.0,21.4,,,,,,,20.4,IS_808_2021,8,27,"SI columns authoritative (mm, mm2, mm3, mm4, mm6); inch columns derived",ok,
MPC125X13.7,MPC125X13.7,MPC 125,MPC,2.7125,10.499,1.7803,0.081685,4.9856,1.8429,4.2656,1.0069,1.9685,0.811,4.9213,0.23622,2.5984,0.3189,7.5595,0.9274,4.6024,13.7,13.7,1750.0,4370000.0,741000.0,125.0,66.0,6.0,8.1,90.0,9.5,5.0,50.0,20.6,69900.0,16500.0,81700.0,30200.0,34000.0,2030000000.0,21.1,,,,,,,20.6,IS_808_2021,8,27,"SI columns authoritative (mm, mm2, mm3, mm4, mm6); inch columns derived",ok,
MPC150,MPC150,MPC 150,MPC,3.3015,19.0279,2.883,0.113158,7.4449,2.6362,6.4075,1.4524,2.3976,0.9331,5.9055,0.22441,2.9528,0.35433,17.5023,1.0529,5.5512,16.8,16.8,2130.0,7920000.0,1200000.0,150.0,75.0,5.7,9.0,90.0,10.0,5.0,60.9,23.7,105000.0,23800.0,122000.0,43200.0,47100.0,4700000000.0,24.6,,,,,,,23.7,IS_808_2021,8,27,"SI columns authoritative (mm, mm2, mm3, mm4, mm6); inch columns derived",ok,
MPC150X17.7,MPC150X17.7,MPC 150,MPC,3.4875,19.6285,3.0752,0.126132,7.689,2.7522,6.6516,1.5073,2.3701,0.937,5.9055,0.25591,2.9921,0.35433,18.8429,1.0698,5.5512,17.7,17.7,2250.0,8170000.0,1280000.0,150.0,76.0,6.5,9.0,90.0,10.0,5.0,60.2,23.8,109000.0,24700.0,126000.0,45100.0,52500.0,5060000000.0,24.0,,,,,,,23.8,IS_808_2021,8,27,"SI columns authoritative (mm, mm2, mm3, mm4, mm6); inch columns derived",ok,
MPC175,MPC175,MPC 175,MPC,3.8595,29.7911,3.3155,0.160007,10.0079,3.0207,8.6043,1.6476,2.7795,0.9291,6.8898,0.23622,2.9528,0.40157,27.743,1.0558,6.4882,19.6,19.6,2490.0,12400000.0,1380000.0,175.0,75.0,6.0,10.2,90.0,10.5,6.0,70.6,23.6,141000.0,27000.0,164000.0,49500.0,66600.0,7450000000.0,23.9,,,,,,,23.6,IS_808_2021,8,27,"SI columns authoritative (mm, mm2, mm3, mm4, mm6); inch columns derived",ok,
MPC175X21.7,MPC175X21.7,MPC 175,MPC,4.278,31.4729,3.7239,0.194603,10.7402,3.2343,9.1536,1.7636,2.7165,0.9331,6.8898,0.29528,3.0315,0.40157,31.8393,1.0907,6.4882,21.7,21.7,2760.0,13100000.0,1550000.0,175.0,77.0,7.5,10.2,90.0,10.5,6.0,69.0,23.7,150000.0,28900.0,176000.0,53000.0,81000.0,8550000000.0,23.2,,,,,,,23.7,IS_808_2021,8,27,"SI columns authoritative (mm, mm2, mm3, mm4, mm6); inch columns derived",ok,
MPC200,MPC200,MPC 200,MPC,4.402,43.9659,3.7719,0.215986,12.9981,3.4112,11.1673,1.8612,3.1614,0.9252,7.874,0.24409,2.9528,0.44882,40.9629,1.055,7.4252,22.3,22.3,2840.0,18300000.0,1570000.0,200.0,75.0,6.2,11.4,90.0,11.0,6.0,80.3,23.5,183000.0,30500.0,213000.0,55900.0,89900.0,11000000000.0,23.4,,,,,,,23.5,IS_808_2021,8,27,"SI columns authoritative (mm, mm2, mm3, mm4, mm6); inch columns derived",ok,
MPC200X24.3,MPC200X24.3,MPC 200,MPC,4.7895,45.8879,4.0362,0.249861,13.7303,3.5272,11.6555,1.9222,3.0945,0.9173,7.874,0.29528,2.9921,0.44882,45.0592,1.0757,7.4252,24.3,24.3,3090.0,19100000.0,1680000.0,200.0,76.0,7.5,11.4,90.0,11.0,6.5,78.6,23.3,191000.0,31500.0,225000.0,57800.0,104000.0,12100000000.0,22.6,,,,,,,23.3,IS_808_2021,8,27,"SI columns authoritative (mm, mm2, mm3, mm4, mm6); inch columns derived",ok,
MPC225,MPC225,MPC 225,MPC,5.146,65.108,4.9972,0.290704,17.0866,4.2412,14.7067,2.3128,3.5551,0.9843,8.8583,0.25591,3.1496,0.48819,69.6369,1.1262,8.3701,26.1,26.1,3320.0000000000005,27100000.0,2080000.0,225.0,80.0,6.5,12.4,90.0,12.0,6.5,90.3,25.0,241000.0,37900.0,280000.0,69500.0,121000.0,18700000000.0,24.8,,,,,,,25.0,IS_808_2021,8,27,"SI columns authoritative (mm, mm2, mm3, mm4, mm6); inch columns derived",ok,
MPC225X30.7,MPC225X30.7,MPC 225,MPC,6.045,71.1143,5.8621,0.389207,19.0394,4.5951,16.0492,2.5203,3.4331,0.9882,8.8583,0.35433,3.2677,0.48819,84.9049,1.179,8.3701,30.7,30.7,3900.0,29600000.0,2440000.0,225.0,83.0,9.0,12.4,90.0,12.0,7.0,87.2,25.1,263000.0,41300.0,312000.0,75300.0,162000.0,22800000000.0,23.7,,,,,,,25.1,IS_808_2021,8,27,"SI columns authoritative (mm, mm2, mm3, mm4, mm6); inch columns derived",ok,
MPC250,MPC250,MPC 250,MPC,6.0295,92.0161,5.766,0.420439,21.9075,4.8392,18.7343,2.6362,3.9094,0.9764,9.8425,0.28346,3.1496,0.55512,99.8004,1.1316,9.2874,30.6,30.6,3890.0,38300000.0,2400000.0,250.0,80.0,7.2,14.1,90.0,12.0,7.0,99.3,24.8,307000.0,43200.0,359000.0,79300.0,175000.0,26800000000.0,24.4,,,,,,,24.8,IS_808_2021,8,28,"SI columns authoritative (mm, mm2, mm3, mm4, mm6); inch columns derived",ok,
MPC250X34.2,MPC250X34.2,MPC 250,MPC,6.727,98.0224,6.4147,0.50693,23.6162,5.0955,19.8937,2.801,3.815,0.9764,9.8425,0.35433,3.2283,0.55512,113.9513,1.1658,9.2874,34.2,34.2,4340.0,40800000.0,2670000.0,250.0,82.0,9.0,14.1,90.0,12.0,7.0,96.9,24.8,326000.0,45900.0,387000.0,83500.0,211000.0,30600000000.0,23.6,,,,,,,24.8,IS_808_2021,8,28,"SI columns authoritative (mm, mm2, mm3, mm4, mm6); inch columns derived",ok,
MPC250X38.1,MPC250X38.1,MPC 250,MPC,7.533,104.5092,7.0874,0.64147,25.63,5.3518,21.2363,2.9535,3.7244,0.9685,9.8425,0.43307,3.3071,0.55512,129.964,1.1955,9.2874,38.1,38.1,4860.0,43500000.0,2950000.0,250.0,84.0,11.0,14.1,90.0,12.0,7.0,94.6,24.6,348000.0,48400.0,420000.0,87700.0,267000.0,34900000000.0,23.1,,,,,,,24.6,IS_808_2021,8,28,"SI columns authoritative (mm, mm2, mm3, mm4, mm6); inch columns derived",ok,
MPC300,MPC300,MPC 300,MPC,7.161,154.2411,8.4328,0.475697,30.6339,6.0475,26.1182,3.3197,4.6063,1.0866,11.811,0.30709,3.5433,0.53543,214.1241,1.2755,11.2756,36.3,36.3,4620.0,64200000.0,3510000.0,300.0,90.0,7.8,13.6,90.0,13.0,7.0,117.0,27.6,428000.0,54400.0,502000.0,99100.0,198000.0,57500000000.0,25.4,,,,,,,27.6,IS_808_2021,8,28,"SI columns authoritative (mm, mm2, mm3, mm4, mm6); inch columns derived",ok,
MPC300X41.5,MPC300X41.5,MPC 300,MPC,8.184,166.0134,9.3698,0.617445,33.6241,6.2854,28.0709,3.5089,4.4882,1.0709,11.811,0.3937,3.622,0.53543,246.1496,1.308,11.2756,41.5,41.5,5280.0,69100000.0,3900000.0,300.0,92.0,10.0,13.6,90.0,13.0,7.0,114.0,27.2,460000.0,57500.0,551000.0,103000.0,257000.0,66100000000.0,24.2,,,,,,,27.2,IS_808_2021,8,28,"SI columns authoritative (mm, mm2, mm3, mm4, mm6); inch columns derived",ok,
MPC300X46.2,MPC300X46.2,MPC 300,MPC,9.114,176.8247,10.1866,0.804841,36.3702,6.5906,29.9016,3.6797,4.3701,1.0591,11.811,0.47244,3.7008,0.53543,277.058,1.3329,11.2756,46.2,46.2,5880.0,73600000.0,4240000.0,300.0,94.0,12.0,13.6,90.0,13.0,7.0,111.0,26.9,490000.0,60300.0,596000.0,108000.0,335000.0,74400000000.0,23.6,,,,,,,26.9,IS_808_2021,8,28,"SI columns authoritative (mm, mm2, mm3, mm4, mm6); inch columns derived",ok,
MPC350,MPC350,MPC 350,MPC,8.4165,242.6535,11.9405,0.562187,41.4351,7.4449,35.2107,4.1313,5.3543,1.189,13.7795,0.32677,3.937,0.5315,417.0765,1.4157,13.248,42.7,42.7,5430.0,101000000.0,4970000.0,350.0,100.0,8.3,13.5,90.0,14.0,8.0,136.0,30.2,577000.0,67700.0,679000.0,122000.0,234000.0,112000000000.0,26.5,,,,,,,30.2,IS_808_2021,8,28,"SI columns authoritative (mm, mm2, mm3, mm4, mm6); inch columns derived",ok,
MPC400,MPC400,MPC 400,MPC,9.889,365.1815,13.7424,0.795231,54.9824,8.4823,46.5001,4.7232,6.063,1.1811,15.748,0.34646,3.937,0.60236,633.0625,1.4163,15.1457,50.1,50.1,6380.0,152000000.0,5720000.0,400.0,100.0,8.8,15.3,90.0,15.0,8.0,154.0,30.0,762000.0,77400.0,901000.0,139000.0,331000.0,170000000000.0,26.0,,,,,,,30.0,IS_808_2021,8,28,"SI columns authoritative (mm, mm2, mm3, mm4, mm6); inch columns derived",ok,
NPB100X55X8.1,NPB100X55X8.1,NPB 100 X 55 X 8.1,NPB,1.5965,4.1083,0.382,0.027629,2.4043,0.5578,2.087,0.3527,1.6024,0.4882,3.937,0.16142,2.1654,0.22441,1.3071,0.5819,3.7126,8.1,8.1,1030.0,1710000.0,159000.0,100.0,55.0,4.1,5.7,90.0,7.0,0.0,40.7,12.4,34200.0,5780.0,39400.0,9140.0,11500.0,351000000.0,,,,,,,,12.4,IS_808_2021,3,11,"SI columns authoritative (mm, mm2, mm3, mm4, mm6); inch columns derived",ok,
NPB120X60X10.37,NPB120X60X10.37,NPB 120 X 60 X 10.37,NPB,2.046,7.616,0.6631,0.040602,3.7041,0.8238,3.2282,0.5272,1.9291,0.5669,4.7244,0.17323,2.5197,0.24803,3.3105,0.6775,4.4764,10.37,10.37,1320.0,3170000.0,276000.0,120.0,64.0,4.4,6.3,90.0,7.0,0.0,49.0,14.4,52900.0,8640.0,60700.0,13500.0,16900.0,889000000.0,,,,,,,,14.4,IS_808_2021,3,11,"SI columns authoritative (mm, mm2, mm3, mm4, mm6); inch columns derived",ok,
NPB140X70X12.89,NPB140X70X12.89,NPB 140 X 70 X 12.89,NPB,2.542,12.9976,1.0787,0.05766,5.3884,1.1717,4.7171,0.7506,2.2598,0.6496,5.5118,0.18504,2.874,0.27165,7.3733,0.7732,5.2402,12.89,12.89,1639.9999999999998,5410000.0,449000.0,140.0,73.0,4.7,6.9,90.0,7.0,0.0,57.4,16.5,77300.0,12300.0,88300.0,19200.0,24000.0,1980000000.0,,,,,,,,16.5,IS_808_2021,3,11,"SI columns authoritative (mm, mm2, mm3, mm4, mm6); inch columns derived",ok,
NPB160X80X15.77,NPB160X80X15.77,NPB 160 X 80 X 15.77,NPB,3.1,20.8778,1.6409,0.085049,7.5059,1.5927,6.5906,1.013,2.5866,0.7244,6.2992,0.19685,3.2283,0.29134,14.7094,0.8634,6.0079,15.77,15.77,2000.0,8690000.0,683000.0,160.0,82.0,5.0,7.4,90.0,9.0,0.0,65.7,18.4,108000.0,16600.0,123000.0,26100.0,35400.0,3950000000.0,,,,,,,,18.4,IS_808_2021,3,11,"SI columns authoritative (mm, mm2, mm3, mm4, mm6); inch columns derived",ok,
NPB180X90X15.37,NPB180X90X15.37,NPB 180 X 90 X 15.37,NPB,3.0225,25.4666,1.9653,0.064147,8.2382,1.7026,7.3228,1.0923,2.8976,0.8031,6.9685,0.16929,3.5827,0.25591,22.0827,0.9485,6.7126,15.37,15.37,1950.0,10600000.0,818000.0,177.0,91.0,4.3,6.5,90.0,9.0,0.0,73.6,20.4,120000.0,17900.0,135000.0,27900.0,26700.0,5930000000.0,,,,,,,,20.4,IS_808_2021,3,11,"SI columns authoritative (mm, mm2, mm3, mm4, mm6); inch columns derived",ok,
NPB180X90X18.8,NPB180X90X18.8,NPB 180 X 90 X 18.8,NPB,3.7045,31.4729,2.4025,0.113398,10.1299,2.1114,8.9095,1.3486,2.9173,0.8071,7.0866,0.20866,3.5827,0.31496,27.6686,0.9566,6.7717,18.8,18.8,2390.0,13100000.0,1000000.0,180.0,91.0,5.3,8.0,90.0,9.0,0.0,74.1,20.5,146000.0,22100.0,166000.0,34600.0,47200.0,7430000000.0,,,,,,,,20.5,IS_808_2021,3,11,"SI columns authoritative (mm, mm2, mm3, mm4, mm6); inch columns derived",ok,
NPB180X90X21.27,NPB180X90X21.27,NPB 180 X 90 X 21.27,NPB,4.185,36.0376,2.8109,0.159527,11.5335,2.4348,10.0689,1.55,2.9331,0.8189,7.1654,0.23622,3.622,0.35433,32.5096,0.9744,6.811,21.27,21.27,2700.0,15000000.0,1170000.0,182.0,92.0,6.0,9.0,90.0,9.0,0.0,74.5,20.8,165000.0,25400.0,189000.0,39900.0,66400.0,8730000000.0,,,,,,,,20.8,IS_808_2021,3,11,"SI columns authoritative (mm, mm2, mm3, mm4, mm6); inch columns derived",ok,
NPB200X150X30.46,NPB200X150X30.46,NPB 200 X 150 X 30.46,NPB,5.9985,64.147,12.1807,0.249861,18.6733,6.2854,16.7815,4.1252,3.2677,1.4213,7.6378,0.23622,5.9055,0.35433,161.2448,1.6251,7.2835,30.46,30.46,3870.0000000000005,26700000.0,5070000.0,194.0,150.0,6.0,9.0,90.0,12.0,0.0,83.0,36.1,275000.0,67600.0,306000.0,103000.0,104000.0,43300000000.0,,,,,,,,36.1,IS_808_2021,3,12,"SI columns authoritative (mm, mm2, mm3, mm4, mm6); inch columns derived",ok,
NPB200X100X18.43,NPB200X100X18.43,NPB 200 X 100 X 18.43,NPB,3.627,38.1999,2.8109,0.099224,11.0453,2.2274,9.8248,1.428,3.2402,0.878,7.7559,0.17717,3.937,0.27559,39.1009,1.033,7.4803,18.43,18.43,2340.0,15900000.0,1170000.0,197.0,100.0,4.5,7.0,90.0,12.0,0.0,82.3,22.3,161000.0,23400.0,181000.0,36500.0,41300.0,10500000000.0,,,,,,,,22.3,IS_808_2021,3,11,"SI columns authoritative (mm, mm2, mm3, mm4, mm6); inch columns derived",ok,
NPB200X100X22.36,NPB200X100X22.36,NPB 200 X 100 X 22.36,NPB,4.402,46.6087,3.4116,0.166254,13.4252,2.7217,11.8386,1.7331,3.252,0.878,7.874,0.22047,3.937,0.33465,48.0383,1.0399,7.5394,22.36,22.36,2840.0,19400000.0,1420000.0,200.0,100.0,5.6,8.5,90.0,12.0,0.0,82.6,22.3,194000.0,28400.0,220000.0,44600.0,69200.0,12900000000.0,,,,,,,,22.3,IS_808_2021,3,11,"SI columns authoritative (mm, mm2, mm3, mm4, mm6); inch columns derived",ok,
NPB200X165X35.69,NPB200X165X35.69,NPB 200 X 165 X 35.69,NPB,7.037,81.9256,17.9948,0.348364,22.9449,8.4213,20.687,5.541,3.4094,1.5984,7.9134,0.24409,6.4961,0.3937,253.9698,1.8077,7.5197,35.69,35.69,4540.0,34100000.0,7490000.0,201.0,165.0,6.2,10.0,90.0,12.0,0.0,86.6,40.6,339000.0,90800.0,376000.0,138000.0,145000.0,68200000000.0,,,,,,,,40.6,IS_808_2021,3,12,"SI columns authoritative (mm, mm2, mm3, mm4, mm6); inch columns derived",ok,
NPB200X100X25.09,NPB200X100X25.09,NPB 200 X 100 X 25.09,NPB,4.9445,53.0955,4.0362,0.224875,15.1949,3.161,13.3032,2.0199,3.2717,0.9016,7.9528,0.24409,4.0157,0.37402,57.7204,1.0711,7.5787,25.09,25.09,3190.0,22100000.0,1680000.0,202.0,102.0,6.2,9.5,90.0,12.0,0.0,83.1,22.9,218000.0,33100.0,249000.0,51800.0,93600.0,15500000000.0,,,,,,,,22.9,IS_808_2021,3,11,"SI columns authoritative (mm, mm2, mm3, mm4, mm6); inch columns derived",ok,
NPB200X165X42.48,NPB200X165X42.48,NPB 200 X 165 X 42.48,NPB,8.3855,99.9444,21.983,0.579005,27.7048,10.252,24.7756,6.7126,3.4528,1.6181,8.0709,0.28346,6.5354,0.47244,316.9037,1.8354,7.5984,42.48,42.48,5410.0,41600000.0,9150000.0,205.0,166.0,7.2,12.0,90.0,12.0,0.0,87.7,41.1,406000.0,110000.0,454000.0,168000.0,241000.0,85100000000.0,,,,,,,,41.1,IS_808_2021,3,12,"SI columns authoritative (mm, mm2, mm3, mm4, mm6); inch columns derived",ok,
NPB200X130X27.37,NPB200X130X27.37,NPB 200 X 130 X 27.37,NPB,5.394,63.9068,8.0244,0.203733,17.5748,4.7232,15.6831,3.0634,3.4409,1.2165,8.1496,0.22835,5.2362,0.33465,122.1438,1.4129,7.815,27.37,27.37,3479.9999999999995,26600000.0,3340000.0,207.0,133.0,5.8,8.5,90.0,12.0,0.0,87.4,30.9,257000.0,50200.0,288000.0,77400.0,84800.0,32800000000.0,,,,,,,,30.9,IS_808_2021,3,12,"SI columns authoritative (mm, mm2, mm3, mm4, mm6); inch columns derived",ok,
NPB200X130X31.56,NPB200X130X31.56,NPB 200 X 130 X 31.56,NPB,6.2155,75.6791,9.6341,0.307521,20.565,5.6386,18.3071,3.6553,3.4843,1.2441,8.2677,0.25197,5.2756,0.3937,149.3283,1.4394,7.874,31.56,31.56,4010.0,31500000.0,4010000.0,210.0,134.0,6.4,10.0,90.0,12.0,0.0,88.5,31.6,300000.0,59900.0,337000.0,92400.0,128000.0,40100000000.0,,,,,,,,31.6,IS_808_2021,3,12,"SI columns authoritative (mm, mm2, mm3, mm4, mm6); inch columns derived",ok,
NPB200X165X48,NPB200X165X48,NPB 200 X 165 X 48.0,NPB,9.4705,120.606,26.4276,0.910551,32.5867,12.3268,29.1693,8.1162,3.5669,1.6732,8.2677,0.25591,6.5354,0.57087,391.0092,1.8668,7.6969,48.0,48.0,6110.0,50200000.0,11000000.0,210.0,166.0,6.5,14.5,90.0,12.0,0.0,90.6,42.5,478000.0,133000.0,534000.0,202000.0,379000.0,105000000000.0,,,,,,,,42.5,IS_808_2021,3,12,"SI columns authoritative (mm, mm2, mm3, mm4, mm6); inch columns derived",ok,
NPB220X110X22.18,NPB220X110X22.18,NPB 220 X 110 X 22.18,NPB,4.371,55.498,4.1083,0.136463,14.6457,2.9535,12.9981,1.8978,3.563,0.9685,8.5433,0.19685,4.3307,0.30315,69.6369,1.1407,8.2402,22.18,22.18,2820.0,23100000.0,1710000.0,217.0,110.0,5.0,7.7,90.0,12.0,0.0,90.5,24.6,213000.0,31100.0,240000.0,48400.0,56800.0,18700000000.0,,,,,,,,24.6,IS_808_2021,3,12,"SI columns authoritative (mm, mm2, mm3, mm4, mm6); inch columns derived",ok,
NPB220X110X26.2,NPB220X110X26.2,NPB 220 X 110 X 26.2,NPB,5.1615,66.5495,4.9011,0.216947,17.3918,3.5455,15.317,2.2701,3.5866,0.9724,8.6614,0.23228,4.3307,0.3622,84.1601,1.1515,8.2992,26.2,26.2,3329.9999999999995,27700000.0,2040000.0,220.0,110.0,5.9,9.2,90.0,12.0,0.0,91.1,24.7,251000.0,37200.0,285000.0,58100.0,90300.0,22600000000.0,,,,,,,,24.7,IS_808_2021,3,12,"SI columns authoritative (mm, mm2, mm3, mm4, mm6); inch columns derived",ok,
NPB220X110X29.35,NPB220X110X29.35,NPB 220 X 110 X 29.35,NPB,5.7815,75.1986,5.742,0.290704,19.5886,4.0825,17.2087,2.6118,3.6024,0.9961,8.7402,0.25984,4.4094,0.40157,99.4281,1.1783,8.3386,29.35,29.35,3729.9999999999995,31300000.0,2390000.0,222.0,112.0,6.6,10.2,90.0,12.0,0.0,91.5,25.3,282000.0,42800.0,321000.0,66900.0,121000.0,26700000000.0,,,,,,,,25.3,IS_808_2021,3,12,"SI columns authoritative (mm, mm2, mm3, mm4, mm6); inch columns derived",ok,
NPB240X120X26.15,NPB240X120X26.15,NPB 240 X 120 X 26.15,NPB,5.1615,79.0426,5.766,0.204454,18.9784,3.8018,16.9036,2.4409,3.9094,1.0551,9.3307,0.20472,4.7244,0.32677,116.1856,1.2374,9.0039,26.15,26.15,3329.9999999999995,32900000.0,2400000.0,237.0,120.0,5.2,8.3,90.0,15.0,0.0,99.3,26.8,277000.0,40000.0,311000.0,62300.0,85100.0,31200000000.0,,,,,,,,26.8,IS_808_2021,3,12,"SI columns authoritative (mm, mm2, mm3, mm4, mm6); inch columns derived",ok,
NPB240X120X30.71,NPB240X120X30.71,NPB 240 X 120 X 30.71,NPB,6.0605,93.4576,6.7991,0.309924,22.3347,4.5097,19.7717,2.8803,3.9252,1.0591,9.4488,0.24409,4.7244,0.38583,138.9014,1.2467,9.063,30.71,30.71,3910.0,38900000.0,2830000.0,240.0,120.0,6.2,9.8,90.0,15.0,0.0,99.7,26.9,324000.0,47200.0,366000.0,73900.0,129000.0,37300000000.0,,,,,,,,26.9,IS_808_2021,3,12,"SI columns authoritative (mm, mm2, mm3, mm4, mm6); inch columns derived",ok,
NPB240X120X34.32,NPB240X120X34.32,NPB 240 X 120 X 34.32,NPB,6.7735,104.7494,7.8802,0.410829,25.0197,5.1443,22.0296,3.2831,3.9331,1.0787,9.5276,0.27559,4.8031,0.4252,162.3619,1.2742,9.1024,34.32,34.32,4370.0,43600000.0,3280000.0,242.0,122.0,7.0,10.8,90.0,15.0,0.0,99.9,27.4,361000.0,53800.0,410000.0,84300.0,171000.0,43600000000.0,,,,,,,,27.4,IS_808_2021,3,12,"SI columns authoritative (mm, mm2, mm3, mm4, mm6); inch columns derived",ok,"ry_mm printed 2.74 disagrees with sqrt(I/A)=27.40 (A, I corroborated by mass/Ze) -> 27.4"
NPB250X175X43.94,NPB250X175X43.94,NPB 250 X 175 X 43.94,NPB,8.6645,146.3128,23.6407,0.538162,33.8682,10.4961,30.4508,6.8347,4.0945,1.6496,9.6063,0.27559,6.8898,0.43307,495.2783,1.8851,9.1732,43.94,43.94,5590.0,60900000.0,9840000.0,244.0,175.0,7.0,11.0,90.0,15.0,0.0,104.0,41.9,499000.0,112000.0,555000.0,172000.0,224000.0,133000000000.0,,,,,,,,41.9,IS_808_2021,3,12,"SI columns authoritative (mm, mm2, mm3, mm4, mm6); inch columns derived",ok,
NPB250X125X30.11,NPB250X125X30.11,NPB 250 X 125 X 30.11,NPB,5.9365,99.2236,7.0634,0.266679,22.7619,4.4913,20.1989,2.8681,4.0551,1.0906,9.8425,0.23622,4.9213,0.35433,158.2656,1.2866,9.4882,30.11,30.11,3829.9999999999995,41300000.0,2940000.0,250.0,125.0,6.0,9.0,90.0,15.0,0.0,103.0,27.7,331000.0,47000.0,373000.0,73600.0,111000.0,42500000000.0,,,,,,,,27.7,IS_808_2021,3,12,"SI columns authoritative (mm, mm2, mm3, mm4, mm6); inch columns derived",ok,
NPB250X150X34.08,NPB250X150X34.08,NPB 250 X 150 X 34.08,NPB,6.727,123.0085,11.484,0.307521,27.0945,6.1634,24.1654,3.9971,4.252,1.3071,10.1575,0.24016,5.748,0.3622,274.8236,1.5247,9.7953,34.08,34.08,4340.0,51200000.0,4780000.0,258.0,146.0,6.1,9.2,90.0,15.0,0.0,108.0,33.2,396000.0,65500.0,444000.0,101000.0,128000.0,73800000000.0,,,,,,,,33.2,IS_808_2021,3,12,"SI columns authoritative (mm, mm2, mm3, mm4, mm6); inch columns derived",ok,
NPB250X150X39.78,NPB250X150X39.78,NPB 250 X 150 X 39.78,NPB,7.843,148.9556,14.2709,0.487709,32.3426,7.5669,28.8642,4.9307,4.3307,1.3465,10.315,0.25984,5.7874,0.44094,347.0672,1.5615,9.874,39.78,39.78,5060.0,62000000.0,5940000.0,262.0,147.0,6.6,11.2,90.0,15.0,0.0,110.0,34.2,473000.0,80800.0,530000.0,124000.0,203000.0,93200000000.0,,,,,,,,34.2,IS_808_2021,3,12,"SI columns authoritative (mm, mm2, mm3, mm4, mm6); inch columns derived",ok,
NPB250X150X46.48,NPB250X150X46.48,NPB 250 X 150 X 46.48,NPB,9.176,177.3052,17.1779,0.756791,38.1398,9.0925,33.8072,5.8949,4.3701,1.3661,10.4724,0.29921,5.8268,0.51969,420.8004,1.5858,9.9528,46.48,46.48,5920.0,73800000.0,7150000.0,266.0,148.0,7.6,13.2,90.0,15.0,0.0,111.0,34.7,554000.0,96600.0,625000.0,149000.0,315000.0,113000000000.0,,,,,,,,34.7,IS_808_2021,3,12,"SI columns authoritative (mm, mm2, mm3, mm4, mm6); inch columns derived",ok,
NPB270X135X30.73,NPB270X135X30.73,NPB 270 X 135 X 30.73,NPB,6.0605,117.9632,8.577,0.249861,25.1418,5.0223,22.4567,3.2343,4.4094,1.189,10.5118,0.21654,5.315,0.34252,221.5719,1.3933,10.1693,30.73,30.73,3910.0,49100000.0,3570000.0,267.0,135.0,5.5,8.7,90.0,15.0,0.0,112.0,30.2,368000.0,53000.0,412000.0,82300.0,104000.0,59500000000.0,,,,,,,,30.2,IS_808_2021,3,12,"SI columns authoritative (mm, mm2, mm3, mm4, mm6); inch columns derived",ok,
NPB270X135X36.07,NPB270X135X36.07,NPB 270 X 135 X 36.07,NPB,7.1145,138.8651,10.0665,0.381999,29.4745,5.9132,26.1182,3.7957,4.4094,1.189,10.6299,0.25984,5.315,0.40157,262.5348,1.403,10.2283,36.07,36.07,4590.0,57800000.0,4190000.0,270.0,135.0,6.6,10.2,90.0,15.0,0.0,112.0,30.2,428000.0,62200.0,483000.0,96900.0,159000.0,70500000000.0,,,,,,,,30.2,IS_808_2021,3,12,"SI columns authoritative (mm, mm2, mm3, mm4, mm6); inch columns derived",ok,
NPB270X135X42.26,NPB270X135X42.26,NPB 270 X 135 X 42.26,NPB,8.339,166.7342,12.3249,0.600627,35.0276,7.1398,30.939,4.6073,4.4488,1.2126,10.7874,0.29528,5.3543,0.48031,326.2134,1.4316,10.3071,42.26,42.26,5380.0,69400000.0,5130000.0,274.0,136.0,7.5,12.2,90.0,15.0,0.0,113.0,30.8,507000.0,75500.0,574000.0,117000.0,250000.0,87600000000.0,,,,,,,,30.8,IS_808_2021,3,12,"SI columns authoritative (mm, mm2, mm3, mm4, mm6); inch columns derived",ok,
NPB300X150X36.53,NPB300X150X36.53,NPB 300 X 150 X 36.53,NPB,7.2075,172.2599,12.445,0.319534,33.0138,6.5295,29.4745,4.2167,4.8819,1.315,11.6929,0.24016,5.9055,0.3622,398.457,1.5457,11.3307,36.53,36.53,4650.0,71700000.0,5180000.0,297.0,150.0,6.1,9.2,90.0,15.0,0.0,124.0,33.4,483000.0,69100.0,541000.0,107000.0,133000.0,107000000000.0,,,,,,,,33.4,IS_808_2021,3,12,"SI columns authoritative (mm, mm2, mm3, mm4, mm6); inch columns derived",ok,
NPB300X150X42.24,NPB300X150X42.24,NPB 300 X 150 X 42.24,NPB,8.339,200.6096,14.4871,0.478099,38.3229,7.628,33.9902,4.9124,4.8819,1.3189,11.811,0.27953,5.9055,0.42126,465.4872,1.5543,11.3898,42.24,42.24,5380.0,83500000.0,6030000.0,300.0,150.0,7.1,10.7,90.0,15.0,0.0,124.0,33.5,557000.0,80500.0,628000.0,125000.0,199000.0,125000000000.0,,,,,,,,33.5,IS_808_2021,3,12,"SI columns authoritative (mm, mm2, mm3, mm4, mm6); inch columns derived",ok,
NPB300X200X59.57,NPB300X200X59.57,NPB 300 X 200 X 59.57,NPB,11.749,307.5212,43.7257,0.948991,57.3623,16.7815,51.7481,10.9843,5.1181,1.9291,11.9291,0.29528,7.9921,0.51575,1426.2527,2.1968,11.4134,59.57,59.57,7580.0,128000000.0,18200000.0,303.0,203.0,7.5,13.1,90.0,15.0,0.0,130.0,49.0,848000.0,180000.0,940000.0,275000.0,395000.0,383000000000.0,,,,,,,,49.0,IS_808_2021,3,13,"SI columns authoritative (mm, mm2, mm3, mm4, mm6); inch columns derived",ok,
NPB300X150X49.32,NPB300X150X49.32,NPB 300 X 150 X 49.32,NPB,9.734,240.0107,17.8987,0.742375,45.3406,9.2756,40.0926,5.9864,4.9606,1.3543,11.9685,0.31496,5.9843,0.5,584.6519,1.5973,11.4685,49.32,49.32,6280.0,99900000.0,7450000.0,304.0,152.0,8.0,12.7,90.0,15.0,0.0,126.0,34.4,657000.0,98100.0,743000.0,152000.0,309000.0,157000000000.0,,,,,,,,34.4,IS_808_2021,3,12,"SI columns authoritative (mm, mm2, mm3, mm4, mm6); inch columns derived",ok,
NPB300X200X66.75,NPB300X200X66.75,NPB 300 X 200 X 66.75,NPB,13.175,348.3639,49.4917,1.304563,64.0749,18.9174,57.8505,12.3268,5.1181,1.9409,12.0472,0.33465,8.0315,0.5748,1631.067,2.2161,11.4724,66.75,66.75,8500.0,145000000.0,20600000.0,306.0,204.0,8.5,14.6,90.0,15.0,0.0,130.0,49.3,948000.0,202000.0,1050000.0,310000.0,543000.0,438000000000.0,,,,,,,,49.3,IS_808_2021,3,13,"SI columns authoritative (mm, mm2, mm3, mm4, mm6); inch columns derived",ok,
NPB300X165X39.88,NPB300X165X39.88,NPB 300 X 165 X 39.88,NPB,7.8585,211.1806,17.4662,0.369986,38.445,8.2382,34.6005,5.3762,5.1575,1.4882,12.2047,0.22835,6.4961,0.38189,606.9953,1.7251,11.8228,39.88,39.88,5070.0,87900000.0,7270000.0,310.0,165.0,5.8,9.7,90.0,15.0,0.0,131.0,37.8,567000.0,88100.0,630000.0,135000.0,154000.0,163000000000.0,,,,,,,,37.8,IS_808_2021,3,12,"SI columns authoritative (mm, mm2, mm3, mm4, mm6); inch columns derived",ok,
NPB300X200X75.37,NPB300X200X75.37,NPB 300 X 200 X 75.37,NPB,14.88,398.8166,57.1797,1.864347,73.2285,21.7245,65.2954,14.1575,5.1575,1.9606,12.2047,0.37008,8.0709,0.65354,1906.6354,2.2487,11.5512,75.37,75.37,9600.0,166000000.0,23800000.0,310.0,205.0,9.4,16.6,90.0,15.0,0.0,131.0,49.8,1070000.0,232000.0,1200000.0,356000.0,776000.0,512000000000.0,,,,,,,,49.8,IS_808_2021,3,13,"SI columns authoritative (mm, mm2, mm3, mm4, mm6); inch columns derived",ok,
NPB300X165X45.76,NPB300X165X45.76,NPB 300 X 165 X 45.76,NPB,9.021,245.056,20.5415,0.540565,44.3643,9.6418,39.7875,6.2854,5.1969,1.5079,12.3228,0.25984,6.5354,0.44094,722.4361,1.7498,11.8819,45.76,45.76,5820.0,102000000.0,8550000.0,313.0,166.0,6.6,11.2,90.0,15.0,0.0,132.0,38.3,652000.0,103000.0,727000.0,158000.0,225000.0,194000000000.0,,,,,,,,38.3,IS_808_2021,3,13,"SI columns authoritative (mm, mm2, mm3, mm4, mm6); inch columns derived",ok,
NPB300X165X53.46,NPB300X165X53.46,NPB 300 X 165 X 53.46,NPB,10.5555,290.7037,24.5056,0.845683,52.2973,11.5335,46.6221,7.4449,5.2362,1.5276,12.4803,0.29921,6.5748,0.51969,878.8398,1.7742,11.9606,53.46,53.46,6809.999999999999,121000000.0,10200000.0,317.0,167.0,7.6,13.2,90.0,15.0,0.0,133.0,38.8,764000.0,122000.0,857000.0,189000.0,352000.0,236000000000.0,,,,,,,,38.8,IS_808_2021,3,13,"SI columns authoritative (mm, mm2, mm3, mm4, mm6); inch columns derived",ok,
NPB330X160X42.97,NPB330X160X42.97,NPB 330 X 160 X 42.97,NPB,8.4785,245.056,16.4572,0.470892,42.7776,8.1162,38.1398,5.2236,5.3543,1.3898,12.874,0.25591,6.2992,0.3937,636.7864,1.6383,12.4803,42.97,42.97,5470.0,102000000.0,6850000.0,327.0,160.0,6.5,10.0,90.0,18.0,0.0,136.0,35.3,625000.0,85600.0,701000.0,133000.0,196000.0,171000000000.0,,,,,,,,35.3,IS_808_2021,3,13,"SI columns authoritative (mm, mm2, mm3, mm4, mm6); inch columns derived",ok,
NPB330X160X49.15,NPB330X160X49.15,NPB 330 X 160 X 49.15,NPB,9.703,281.0936,18.9318,0.672703,49.0631,9.3366,43.5099,6.0108,5.3937,1.3937,12.9921,0.29528,6.2992,0.45276,741.0556,1.6499,12.5394,49.15,49.15,6260.0,117000000.0,7880000.0,330.0,160.0,7.5,11.5,90.0,18.0,0.0,137.0,35.4,713000.0,98500.0,804000.0,153000.0,280000.0,199000000000.0,,,,,,,,35.4,IS_808_2021,3,13,"SI columns authoritative (mm, mm2, mm3, mm4, mm6); inch columns derived",ok,
NPB330X160X57.01,NPB330X160X57.01,NPB 330 X 160 X 57.01,NPB,11.253,333.9488,23.0641,1.013859,57.4844,11.2284,50.7718,7.2008,5.4331,1.4291,13.1496,0.33465,6.378,0.5315,912.3548,1.6903,12.6181,57.01,57.01,7259.999999999999,139000000.0,9600000.0,334.0,162.0,8.5,13.5,90.0,18.0,0.0,138.0,36.3,832000.0,118000.0,942000.0,184000.0,422000.0,245000000000.0,,,,,,,,36.3,IS_808_2021,3,13,"SI columns authoritative (mm, mm2, mm3, mm4, mm6); inch columns derived",ok,
NPB350X250X79.18,NPB350X250X79.18,NPB 350 X 250 X 79.18,NPB,15.5,516.5396,87.6916,1.523191,85.4332,27.2166,76.8899,17.8189,5.748,2.3661,13.3858,0.35433,9.8425,0.55118,3604.7326,2.7041,12.8346,79.18,79.18,10000.0,215000000.0,36500000.0,340.0,250.0,9.0,14.0,90.0,18.0,0.0,146.0,60.1,1260000.0,292000.0,1400000.0,446000.0,634000.0,968000000000.0,,,,,,,,60.1,IS_808_2021,3,13,"SI columns authoritative (mm, mm2, mm3, mm4, mm6); inch columns derived",ok,
NPB350X170X50.22,NPB350X170X50.22,NPB 350 X 170 X 50.22,NPB,9.9045,348.3639,22.6797,0.655885,55.2875,10.4351,49.4903,6.7736,5.9055,1.5118,14.0787,0.25984,6.6929,0.45276,1046.4152,1.7643,13.626,50.22,50.22,6390.0,145000000.0,9440000.0,357.6,170.0,6.6,11.5,90.0,18.0,0.0,150.0,38.4,811000.0,111000.0,906000.0,171000.0,273000.0,281000000000.0,,,,,,,,38.4,IS_808_2021,3,13,"SI columns authoritative (mm, mm2, mm3, mm4, mm6); inch columns derived",ok,
NPB350X170X57.1,NPB350X170X57.1,NPB 350 X 170 X 57.1,NPB,11.2685,389.2066,24.9861,0.898539,61.634,11.6555,55.1044,7.4449,5.8661,1.4882,14.1732,0.31496,6.6929,0.5,1165.5799,1.7598,13.6732,57.1,57.1,7270.0,162000000.0,10400000.0,360.0,170.0,8.0,12.7,90.0,18.0,0.0,149.0,37.8,903000.0,122000.0,1010000.0,191000.0,374000.0,313000000000.0,,,,,,,,37.8,IS_808_2021,3,13,"SI columns authoritative (mm, mm2, mm3, mm4, mm6); inch columns derived",ok,
NPB350X170X66.05,NPB350X170X66.05,NPB 350 X 170 X 66.05,NPB,13.0355,456.4768,30.0314,1.338198,72.008,13.7914,63.4647,8.8484,5.9055,1.5157,14.3307,0.3622,6.7717,0.57874,1415.081,1.8023,13.752,66.05,66.05,8410.0,190000000.0,12500000.0,364.0,172.0,9.2,14.7,90.0,18.0,0.0,150.0,38.5,1040000.0,145000.0,1180000.0,226000.0,557000.0,380000000000.0,,,,,,,,38.5,IS_808_2021,3,13,"SI columns authoritative (mm, mm2, mm3, mm4, mm6); inch columns derived",ok,
NPB400X180X57.38,NPB400X180X57.38,NPB 400 X 180 X 57.38,NPB,11.315,485.3069,28.1094,0.867306,69.5671,12.3268,62.2442,7.9331,6.5354,1.5748,15.6299,0.27559,7.0866,0.47244,1608.7237,1.8483,15.1575,57.38,57.38,7300.0,202000000.0,11700000.0,397.0,180.0,7.0,12.0,90.0,21.0,0.0,166.0,40.0,1020000.0,130000.0,1140000.0,202000.0,361000.0,432000000000.0,,,,,,,,40.0,IS_808_2021,3,13,"SI columns authoritative (mm, mm2, mm3, mm4, mm6); inch columns derived",ok,
NPB400X180X66.31,NPB400X180X66.31,NPB 400 X 180 X 66.31,NPB,13.082,554.9797,31.4729,1.232487,79.3309,13.9744,70.1773,8.9095,6.4961,1.5551,15.748,0.33858,7.0866,0.5315,1824.7097,1.8479,15.2165,66.31,66.31,8440.0,231000000.0,13100000.0,400.0,180.0,8.6,13.5,90.0,21.0,0.0,165.0,39.5,1150000.0,146000.0,1300000.0,229000.0,513000.0,490000000000.0,,,,,,,,39.5,IS_808_2021,3,13,"SI columns authoritative (mm, mm2, mm3, mm4, mm6); inch columns derived",ok,
NPB400X200X67.28,NPB400X200X67.28,NPB 400 X 200 X 67.28,NPB,13.2835,581.4073,41.5634,1.165217,82.3821,16.4154,73.8387,10.5571,6.6142,1.7717,15.748,0.31496,7.874,0.51181,2413.0855,2.071,15.2362,67.28,67.28,8570.0,242000000.0,17300000.0,400.0,200.0,8.0,13.0,90.0,21.0,0.0,168.0,45.0,1210000.0,173000.0,1350000.0,269000.0,485000.0,648000000000.0,,,,,,,,45.0,IS_808_2021,3,13,"SI columns authoritative (mm, mm2, mm3, mm4, mm6); inch columns derived",ok,
NPB400X180X75.67,NPB400X180X75.67,NPB 400 X 180 X 75.67,NPB,14.9265,641.4701,37.4791,1.76104,91.5356,16.4154,80.5513,10.4351,6.5354,1.5827,15.9055,0.38189,7.1654,0.61024,2185.9277,1.885,15.2953,75.67,75.67,9630.0,267000000.0,15600000.0,404.0,182.0,9.7,15.5,90.0,21.0,0.0,166.0,40.2,1320000.0,171000.0,1500000.0,269000.0,733000.0,587000000000.0,,,,,,,,40.2,IS_808_2021,3,13,"SI columns authoritative (mm, mm2, mm3, mm4, mm6); inch columns derived",ok,
NPB450X190X67.16,NPB450X190X67.16,NPB 450 X 190 X 67.16,NPB,13.2525,713.5454,36.0376,1.131582,90.9254,14.9508,81.1616,9.6418,7.3228,1.6496,17.5984,0.29921,7.4803,0.51575,2621.6237,1.9461,17.0827,67.16,67.16,8550.0,297000000.0,15000000.0,447.0,190.0,7.6,13.1,90.0,21.0,0.0,186.0,41.9,1330000.0,158000.0,1490000.0,245000.0,471000.0,704000000000.0,,,,,,,,41.9,IS_808_2021,3,13,"SI columns authoritative (mm, mm2, mm3, mm4, mm6); inch columns derived",ok,
NPB450X190X77.58,NPB450X190X77.58,NPB 450 X 190 X 77.58,NPB,15.314,809.6457,40.1219,1.602474,103.7404,16.8426,90.9254,10.7402,7.2441,1.6181,17.7165,0.37008,7.4803,0.5748,2945.6028,1.9444,17.1417,77.58,77.58,9880.0,337000000.0,16700000.0,450.0,190.0,9.4,14.6,90.0,21.0,0.0,184.0,41.1,1490000.0,176000.0,1700000.0,276000.0,667000.0,791000000000.0,,,,,,,,41.1,IS_808_2021,3,13,"SI columns authoritative (mm, mm2, mm3, mm4, mm6); inch columns derived",ok,
NPB450X190X92.37,NPB450X190X92.37,NPB 450 X 190 X 92.37,NPB,18.135,982.6264,49.9722,2.618735,124.4884,20.7481,109.2325,13.2422,7.3228,1.6575,17.9528,0.43307,7.5591,0.69291,3712.7257,1.9858,17.2598,92.37,92.37,11700.0,409000000.0,20800000.0,456.0,192.0,11.0,17.6,90.0,21.0,0.0,186.0,42.1,1790000.0,217000.0,2040000.0,340000.0,1090000.0,997000000000.0,,,,,,,,42.1,IS_808_2021,3,13,"SI columns authoritative (mm, mm2, mm3, mm4, mm6); inch columns derived",ok,
NPB500X200X79.36,NPB500X200X79.36,NPB 500 X 200 X 79.36,NPB,15.655,1030.6766,46.3684,1.544814,118.3861,18.3681,104.9608,11.7776,8.1102,1.7244,19.5669,0.33071,7.874,0.57087,4170.765,2.0469,18.9961,79.36,79.36,10100.0,429000000.0,19300000.0,497.0,200.0,8.4,14.5,90.0,21.0,0.0,206.0,43.8,1720000.0,193000.0,1940000.0,301000.0,643000.0,1120000000000.0,,,,,,,,43.8,IS_808_2021,3,13,"SI columns authoritative (mm, mm2, mm3, mm4, mm6); inch columns derived",ok,
NPB500X200X90.69,NPB500X200X90.69,NPB 500 X 200 X 90.69,NPB,17.825,1155.6071,51.4137,2.140636,133.642,20.443,117.1656,13.0591,8.0315,1.6929,19.685,0.40157,7.874,0.62992,4617.6327,2.0393,19.0551,90.69,90.69,11500.0,481000000.0,21400000.0,500.0,200.0,10.2,16.0,90.0,21.0,0.0,204.0,43.0,1920000.0,214000.0,2190000.0,335000.0,891000.0,1240000000000.0,,,,,,,,43.0,IS_808_2021,3,13,"SI columns authoritative (mm, mm2, mm3, mm4, mm6); inch columns derived",ok,
NPB500X200X107.32,NPB500X200X107.32,NPB 500 X 200 X 107.32,NPB,21.08,1386.248,62.9458,3.411564,159.272,24.8977,139.1341,15.8051,8.0709,1.7205,19.9213,0.47244,7.9528,0.74803,5734.8019,2.078,19.1732,107.32,107.32,13600.0,577000000.0,26200000.0,506.0,202.0,12.0,19.0,90.0,21.0,0.0,205.0,43.7,2280000.0,259000.0,2610000.0,408000.0,1420000.0,1540000000000.0,,,,,,,,43.7,IS_808_2021,3,13,"SI columns authoritative (mm, mm2, mm3, mm4, mm6); inch columns derived",ok,
NPB550X210X92.08,NPB550X210X92.08,NPB 550 X 210 X 92.08,NPB,18.135,1439.1033,58.381,2.145441,150.7286,22.0296,133.642,14.0965,8.8976,1.7913,21.5354,0.35433,8.2677,0.61811,6367.8645,2.136,20.9173,92.08,92.08,11700.0,599000000.0,24300000.0,547.0,210.0,9.0,15.7,90.0,24.0,0.0,226.0,45.5,2190000.0,231000.0,2470000.0,361000.0,893000.0,1710000000000.0,,,,,,,,45.5,IS_808_2021,3,13,"SI columns authoritative (mm, mm2, mm3, mm4, mm6); inch columns derived",ok,
NPB550X210X105.52,NPB550X210X105.52,NPB 550 X 210 X 105.52,NPB,20.77,1612.0839,63.9068,2.931062,169.646,24.4095,148.8979,15.5,8.7795,1.752,21.6535,0.43701,8.2677,0.67717,7000.927,2.1195,20.9764,105.52,105.52,13400.0,671000000.0,26600000.0,550.0,210.0,11.1,17.2,90.0,24.0,0.0,223.0,44.5,2440000.0,254000.0,2780000.0,400000.0,1220000.0,1880000000000.0,,,,,,,,44.5,IS_808_2021,3,13,"SI columns authoritative (mm, mm2, mm3, mm4, mm6); inch columns derived",ok,
NPB550X210X122.52,NPB550X210X122.52,NPB 550 X 210 X 122.52,NPB,24.18,1900.3851,77.3608,4.492693,198.9374,29.2914,173.3074,18.5512,8.8583,1.7874,21.8898,0.5,8.3465,0.79528,8564.9639,2.1672,21.0945,122.52,122.52,15600.0,791000000.0,32200000.0,556.0,212.0,12.7,20.2,90.0,24.0,0.0,225.0,45.4,2840000.0,304000.0,3260000.0,480000.0,1870000.0,2300000000000.0,,,,,,,,45.4,IS_808_2021,3,14,"SI columns authoritative (mm, mm2, mm3, mm4, mm6); inch columns derived",ok,
NPB600X220X107.57,NPB600X220X107.57,NPB 600 X 220 X 107.57,NPB,21.235,1991.6805,74.718,2.931062,191.6146,26.9725,169.0358,17.2697,9.685,1.874,23.5039,0.38583,8.6614,0.68898,9682.1331,2.2432,22.815,107.57,107.57,13700.0,829000000.0,31100000.0,597.0,220.0,9.8,17.5,90.0,24.0,0.0,246.0,47.6,2770000.0,283000.0,3140000.0,442000.0,1220000.0,2600000000000.0,,,,,,,,47.6,IS_808_2021,3,14,"SI columns authoritative (mm, mm2, mm3, mm4, mm6); inch columns derived",ok,
NPB600X220X122.45,NPB600X220X122.45,NPB 600 X 220 X 122.45,NPB,24.025,2210.3088,81.2048,3.964141,214.1933,29.5965,186.7327,18.7343,9.5276,1.8346,23.622,0.47244,8.6614,0.74803,10575.8685,2.2277,22.874,122.45,122.45,15500.0,920000000.0,33800000.0,600.0,220.0,12.0,19.0,90.0,24.0,0.0,242.0,46.6,3060000.0,307000.0,3510000.0,485000.0,1650000.0,2840000000000.0,,,,,,,,46.6,IS_808_2021,3,14,"SI columns authoritative (mm, mm2, mm3, mm4, mm6); inch columns derived",ok,
NPB600X220X154.47,NPB600X220X154.47,NPB 600 X 220 X 154.47,NPB,30.3801,2834.9613,108.5934,7.59193,272.7761,39.0552,236.1619,24.5926,9.6457,1.8858,24.0157,0.59055,8.8189,0.94488,14337.0048,2.2986,23.0709,154.47,154.47,19600.0,1180000000.0,45200000.0,610.0,224.0,15.0,24.0,90.0,24.0,0.0,245.0,47.9,3870000.0,403000.0,4470000.0,640000.0,3160000.0,3850000000000.0,,,,,,,,47.9,IS_808_2021,3,14,"SI columns authoritative (mm, mm2, mm3, mm4, mm6); inch columns derived",ok,
NPB700X250X113.46,NPB700X250X113.46,NPB 700 X 250 X 113.46,NPB,22.32,2834.9613,100.1847,2.570685,234.9414,31.6103,208.7012,20.3819,11.2598,2.1142,27.3228,0.35433,9.8425,0.62992,17800.2293,2.5296,26.6929,113.46,113.46,14400.0,1180000000.0,41700000.0,694.0,250.0,9.0,16.0,90.0,24.0,0.0,286.0,53.7,3420000.0,334000.0,3850000.0,518000.0,1070000.0,4780000000000.0,,,,,,,,53.7,IS_808_2021,3,14,"SI columns authoritative (mm, mm2, mm3, mm4, mm6); inch columns derived",ok,
NPB700X250X128.41,NPB700X250X128.41,NPB 700 X 250 X 128.41,NPB,25.2651,3075.2123,103.5482,3.267413,256.91,33.1359,224.5674,20.9922,10.9843,2.0197,27.3622,0.45276,9.8425,0.64961,18396.0529,2.4791,26.7126,128.41,128.41,16300.0,1280000000.0,43100000.0,695.0,250.0,11.5,16.5,90.0,24.0,0.0,279.0,51.3,3680000.0,344000.0,4210000.0,543000.0,1360000.0,4940000000000.0,,,,,,,,51.3,IS_808_2021,3,14,"SI columns authoritative (mm, mm2, mm3, mm4, mm6); inch columns derived",ok,
NPB700X250X143.42,NPB700X250X143.42,NPB 700 X 250 X 143.42,NPB,28.2101,3483.6389,119.1645,4.564768,290.473,38.1398,253.8588,24.2264,11.1024,2.0512,27.5591,0.49213,9.8425,0.74803,21337.9318,2.5063,26.811,143.42,143.42,18200.0,1450000000.0,49600000.0,700.0,250.0,12.5,19.0,90.0,24.0,0.0,282.0,52.1,4160000.0,397000.0,4760000.0,625000.0,1900000.0,5730000000000.0,,,,,,,,52.1,IS_808_2021,3,14,"SI columns authoritative (mm, mm2, mm3, mm4, mm6); inch columns derived",ok,
NPB700X250X153.87,NPB700X250X153.87,NPB 700 X 250 X 153.87,NPB,30.3801,3819.9903,131.6575,5.766023,315.4928,42.1064,275.8273,26.7894,11.1811,2.0827,27.7165,0.51181,9.8425,0.82677,23721.2261,2.5312,26.8898,153.87,153.87,19600.0,1590000000.0,54800000.0,704.0,250.0,13.0,21.0,90.0,24.0,0.0,284.0,52.9,4520000.0,439000.0,5170000.0,690000.0,2400000.0,6370000000000.0,,,,,,,,52.9,IS_808_2021,3,14,"SI columns authoritative (mm, mm2, mm3, mm4, mm6); inch columns derived",ok,
NPB700X250X171.48,NPB700X250X171.48,NPB 700 X 250 X 171.48,NPB,33.7901,4276.4671,147.5141,7.880232,352.107,47.2934,306.9494,29.9627,11.2205,2.0866,27.9134,0.57087,9.8425,0.9252,26737.5829,2.5436,26.9882,171.48,171.48,21800.0,1780000000.0,61400000.0,709.0,250.0,14.5,23.5,90.0,24.0,0.0,285.0,53.0,5030000.0,491000.0,5770000.0,775000.0,3280000.0,7180000000000.0,,,,,,,,53.0,IS_808_2021,3,14,"SI columns authoritative (mm, mm2, mm3, mm4, mm6); inch columns derived",ok,
NPB750X270X145.29,NPB750X270X145.29,NPB 750 X 270 X 145.29,NPB,28.6751,3868.0405,123.9695,3.603764,305.1187,37.5906,263.0123,23.7382,11.6142,2.0787,29.5276,0.51969,10.4331,0.65354,25769.3696,2.6069,28.874,145.29,145.29,18500.0,1610000000.0,51600000.0,750.0,265.0,13.2,16.6,90.0,17.0,0.0,295.0,52.8,4310000.0,389000.0,5000000.0,616000.0,1500000.0,6920000000000.0,,,,,,,,52.8,IS_808_2021,3,14,"SI columns authoritative (mm, mm2, mm3, mm4, mm6); inch columns derived",ok,printed '5.2.8' (double decimal point) read as 52.8
NPB750X270X174.54,NPB750X270X174.54,NPB 750 X 270 X 174.54,NPB,34.4101,4949.1698,170.5782,6.534826,380.7882,50.4666,331.3589,32.0985,11.9685,2.2244,29.9213,0.56693,10.6299,0.85039,35935.6094,2.7335,29.0709,174.54,174.54,22200.0,2060000000.0,71000000.0,760.0,270.0,14.4,21.6,90.0,17.0,0.0,304.0,56.5,5430000.0,526000.0,6240000.0,827000.0,2720000.0,9650000000000.0,,,,,,,,56.5,IS_808_2021,3,14,"SI columns authoritative (mm, mm2, mm3, mm4, mm6); inch columns derived",ok,
NPB750X270X202.49,NPB750X270X202.49,NPB 750 X 270 X 202.49,NPB,39.8351,5982.2489,210.2196,10.811293,453.4064,61.634,395.4339,39.5434,12.2441,2.2913,30.315,0.61417,10.6299,1.04724,44686.7681,2.784,29.2677,202.49,202.49,25700.0,2490000000.0,87500000.0,770.0,270.0,15.6,26.6,90.0,17.0,0.0,311.0,58.2,6480000.0,648000.0,7430000.0,1010000.0,4500000.0,12000000000000.0,,,,,,,,58.2,IS_808_2021,3,14,"SI columns authoritative (mm, mm2, mm3, mm4, mm6); inch columns derived",ok,
PBP200X43.85,PBP200X43.85,PBP 200 x 43.85,PBP,8.649,95.8601,31.9534,0.430049,27.2776,12.1437,24.3485,7.9331,3.3307,1.9213,7.874,0.36614,8.0709,0.36614,450.5916,2.2199,7.5079,43.85,43.85,5580.0,39900000.0,13300000.0,200.0,205.0,9.3,9.3,90.0,10.0,0.0,84.6,48.8,399000.0,130000.0,447000.0,199000.0,179000.0,121000000000.0,,,,,,,,48.8,IS_808_2021,13,40,"SI columns authoritative (mm, mm2, mm3, mm4, mm6); inch columns derived",ok,"ry_mm printed 4.89 disagrees with sqrt(I/A)=48.82 (A, I corroborated by mass/Ze) -> 48.8"
PBP200X53.49,PBP200X53.49,PBP 200 x 53.49,PBP,10.5555,119.4047,40.1219,0.766401,33.6241,15.1339,29.7186,9.8248,3.3622,1.9488,8.0315,0.44488,8.1496,0.44488,577.2041,2.2629,7.5866,53.49,53.49,6809.999999999999,49700000.0,16700000.0,204.0,207.0,11.3,11.3,90.0,10.0,0.0,85.4,49.5,487000.0,161000.0,551000.0,248000.0,319000.0,155000000000.0,,,,,,,,49.5,IS_808_2021,13,40,"SI columns authoritative (mm, mm2, mm3, mm4, mm6); inch columns derived",ok,"ry_mm printed 4.96 disagrees with sqrt(I/A)=49.52 (A, I corroborated by mass/Ze) -> 49.5"
PBP220X57.28,PBP220X57.28,PBP 220 x 57.28,PBP,11.2995,137.6638,50.2125,0.903344,37.4686,17.4528,33.319,11.3504,3.4921,2.1063,8.2677,0.43307,8.8583,0.43307,767.1229,2.427,7.8346,57.28,57.28,7290.000000000001,57300000.0,20900000.0,210.0,225.0,11.0,11.0,90.0,18.0,0.0,88.7,53.5,546000.0,186000.0,614000.0,286000.0,376000.0,206000000000.0,,,,,,,,53.5,IS_808_2021,13,40,"SI columns authoritative (mm, mm2, mm3, mm4, mm6); inch columns derived",ok,"ry_mm printed 5.36 disagrees with sqrt(I/A)=53.54 (A, I corroborated by mass/Ze) -> 53.5"
PBP260X75.01,PBP260X75.01,PBP 260 x 75.01,PBP,14.8025,254.666,89.6136,1.544814,58.4607,26.5453,52.1143,17.1477,4.1339,2.4606,9.8031,0.47244,10.4331,0.47244,1943.8744,2.83,9.3307,75.01,75.01,9550.0,106000000.0,37300000.0,249.0,265.0,12.0,12.0,90.0,24.0,0.0,105.0,62.5,854000.0,281000.0,958000.0,435000.0,643000.0,522000000000.0,,,,,,,,62.5,IS_808_2021,13,40,"SI columns authoritative (mm, mm2, mm3, mm4, mm6); inch columns derived",ok,"ry_mm printed 6.25 disagrees with sqrt(I/A)=62.50 (A, I corroborated by mass/Ze) -> 62.5"
PBP260X87.3,PBP260X87.3,PBP 260 x 87.3,PBP,17.205,300.3137,106.9117,2.320824,68.3466,31.4883,60.5966,20.3209,4.1732,2.4921,9.9606,0.55118,10.5118,0.55118,2360.9509,2.8794,9.4094,87.3,87.3,11100.0,125000000.0,44500000.0,253.0,267.0,14.0,14.0,90.0,24.0,0.0,106.0,63.3,993000.0,333000.0,1120000.0,516000.0,966000.0,634000000000.0,,,,,,,,63.3,IS_808_2021,13,40,"SI columns authoritative (mm, mm2, mm3, mm4, mm6); inch columns derived",ok,"ry_mm printed 6.33 disagrees with sqrt(I/A)=63.32 (A, I corroborated by mass/Ze) -> 63.3"
PBP300X76.92,PBP300X76.92,PBP 300 x 76.92,PBP,15.1745,384.4015,123.9695,1.045092,72.008,31.4272,65.2954,20.565,5.0,2.8583,11.7717,0.4252,12.0472,0.4252,3984.5702,3.2808,11.3465,76.92,76.92,9790.0,160000000.0,51600000.0,299.0,306.0,10.8,10.8,90.0,15.0,0.0,127.0,72.6,1070000.0,337000.0,1180000.0,515000.0,435000.0,1070000000000.0,,,,,,,,72.6,IS_808_2021,13,40,"SI columns authoritative (mm, mm2, mm3, mm4, mm6); inch columns derived",ok,"ry_mm printed 7.26 disagrees with sqrt(I/A)=72.60 (A, I corroborated by mass/Ze) -> 72.6"
PBP300X88.46,PBP300X88.46,PBP 300 x 88.46,PBP,17.36,444.4643,145.1116,1.561631,83.6025,36.6142,74.449,23.9213,5.0394,2.8898,11.8898,0.48819,12.126,0.48819,4692.1107,3.3292,11.4016,88.46,88.46,11200.0,185000000.0,60400000.0,302.0,308.0,12.4,12.4,90.0,15.0,0.0,128.0,73.4,1220000.0,392000.0,1370000.0,600000.0,650000.0,1260000000000.0,,,,,,,,73.4,IS_808_2021,13,40,"SI columns authoritative (mm, mm2, mm3, mm4, mm6); inch columns derived",ok,"ry_mm printed 7.32 disagrees with sqrt(I/A)=73.44 (A, I corroborated by mass/Ze) -> 73.4"
PBP320X88.48,PBP320X88.48,PBP 320 x 88.48,PBP,17.36,449.2693,135.2613,1.893178,83.6025,34.9056,75.0592,22.5788,5.0394,2.7913,11.9291,0.47244,11.9685,0.47244,4394.1989,3.2049,11.4567,88.48,88.48,11200.0,187000000.0,56300000.0,303.0,304.0,12.0,12.0,90.0,27.0,0.0,128.0,70.9,1230000.0,370000.0,1370000.0,572000.0,788000.0,1180000000000.0,,,,,,,,70.9,IS_808_2021,13,41,"SI columns authoritative (mm, mm2, mm3, mm4, mm6); inch columns derived",ok,"ry_mm printed 7.07 disagrees with sqrt(I/A)=70.90 (A, I corroborated by mass/Ze) -> 70.9"
PBP300X95,PBP300X95,PBP 300 x 95.0,PBP,18.755,480.5019,157.1241,1.917203,89.7049,39.6044,80.5513,25.813,5.0394,2.8937,11.9685,0.52362,12.1654,0.52362,5138.9783,3.34,11.4449,95.0,95.0,12100.0,200000000.0,65400000.0,304.0,309.0,13.3,13.3,90.0,15.0,0.0,128.0,73.5,1320000.0,423000.0,1470000.0,649000.0,798000.0,1380000000000.0,,,,,,,,73.5,IS_808_2021,13,40,"SI columns authoritative (mm, mm2, mm3, mm4, mm6); inch columns derived",ok,"ry_mm printed 7.36 disagrees with sqrt(I/A)=73.52 (A, I corroborated by mass/Ze) -> 73.5"
PBP320X102.84,PBP320X102.84,PBP 320 x 102.84,PBP,20.305,528.5521,160.9681,2.810936,98.2482,41.3131,87.264,26.7284,5.0787,2.815,12.0866,0.55118,12.0472,0.55118,5325.1732,3.2572,11.5354,102.84,102.84,13100.0,220000000.0,67000000.0,307.0,306.0,14.0,14.0,90.0,27.0,0.0,129.0,71.5,1430000.0,438000.0,1610000.0,677000.0,1170000.0,1430000000000.0,,,,,,,,71.5,IS_808_2021,13,41,"SI columns authoritative (mm, mm2, mm3, mm4, mm6); inch columns derived",ok,"ry_mm printed 7.15 disagrees with sqrt(I/A)=71.52 (A, I corroborated by mass/Ze) -> 71.5"
PBP300X109.54,PBP300X109.54,PBP 300 x 109.54,PBP,21.545,562.1872,184.5127,2.883012,104.3506,46.256,92.7561,30.1457,5.0787,2.9252,12.126,0.60236,12.2441,0.60236,6107.1916,3.383,11.5236,109.54,109.54,13900.0,234000000.0,76800000.0,308.0,311.0,15.3,15.3,90.0,15.0,0.0,129.0,74.3,1520000.0,494000.0,1710000.0,758000.0,1200000.0,1640000000000.0,,,,,,,,74.3,IS_808_2021,13,40,"SI columns authoritative (mm, mm2, mm3, mm4, mm6); inch columns derived",ok,"ry_mm printed 7.42 disagrees with sqrt(I/A)=74.33 (A, I corroborated by mass/Ze) -> 74.3"
PBP320X117.33,PBP320X117.33,PBP 320 x 117.33,PBP,23.095,610.2374,187.636,4.012191,112.2837,47.9036,99.4687,30.939,5.1181,2.8504,12.2441,0.62992,12.126,0.62992,6293.3865,3.3053,11.6142,117.33,117.33,14900.0,254000000.0,78100000.0,311.0,308.0,16.0,16.0,90.0,27.0,0.0,130.0,72.4,1630000.0,507000.0,1840000.0,785000.0,1670000.0,1690000000000.0,,,,,,,,72.4,IS_808_2021,13,41,"SI columns authoritative (mm, mm2, mm3, mm4, mm6); inch columns derived",ok,"ry_mm printed 7.23 disagrees with sqrt(I/A)=72.40 (A, I corroborated by mass/Ze) -> 72.4"
PBP300X124.2,PBP300X124.2,PBP 300 x 124.2,PBP,24.49,646.2751,212.6221,4.156342,118.9963,53.0907,104.9608,34.4784,5.1181,2.9449,12.2835,0.6811,12.3228,0.6811,7112.6439,3.4229,11.6024,124.2,124.2,15800.0,269000000.0,88500000.0,312.0,313.0,17.3,17.3,90.0,15.0,0.0,130.0,74.8,1720000.0,565000.0,1950000.0,870000.0,1730000.0,1910000000000.0,,,,,,,,74.8,IS_808_2021,13,41,"SI columns authoritative (mm, mm2, mm3, mm4, mm6); inch columns derived",ok,"ry_mm printed 7.48 disagrees with sqrt(I/A)=74.84 (A, I corroborated by mass/Ze) -> 74.8"
PBP320X146.69,PBP320X146.69,PBP 320 x 146.69,PBP,28.8301,783.2181,242.6535,7.423755,142.1853,61.634,124.4884,39.7265,5.1969,2.9016,12.5591,0.7874,12.2835,0.7874,8416.008,3.3881,11.7717,146.69,146.69,18600.0,326000000.0,101000000.0,319.0,312.0,20.0,20.0,90.0,27.0,0.0,132.0,73.7,2040000.0,651000.0,2330000.0,1010000.0,3090000.0,2260000000000.0,,,,,,,,73.7,IS_808_2021,13,41,"SI columns authoritative (mm, mm2, mm3, mm4, mm6); inch columns derived",ok,"ry_mm printed 7.37 disagrees with sqrt(I/A)=73.69 (A, I corroborated by mass/Ze) -> 73.7"
PBP300X150.01,PBP300X150.01,PBP 300 x 150.01,PBP,29.6051,797.6332,261.8735,7.207529,145.2365,65.2954,126.9294,42.2895,5.1969,2.9724,12.5591,0.8189,12.4409,0.8189,9049.0705,3.4825,11.7402,150.01,150.01,19100.0,332000000.0,109000000.0,319.0,316.0,20.8,20.8,90.0,15.0,0.0,132.0,75.5,2080000.0,693000.0,2380000.0,1070000.0,3000000.0,2430000000000.0,,,,,,,,75.5,IS_808_2021,13,41,"SI columns authoritative (mm, mm2, mm3, mm4, mm6); inch columns derived",ok,"ry_mm printed 7.57 disagrees with sqrt(I/A)=75.54 (A, I corroborated by mass/Ze) -> 75.5"
PBP300X180.12,PBP300X180.12,PBP 300 x 180.12,PBP,35.4951,985.0289,324.3388,12.252799,176.9689,79.9411,152.5594,51.8092,5.2362,3.0236,12.874,0.97638,12.5984,0.97638,11506.8428,3.5585,11.8976,180.12,180.12,22900.0,410000000.0,135000000.0,327.0,320.0,24.8,24.8,90.0,15.0,0.0,133.0,76.8,2500000.0,849000.0,2900000.0,1310000.0,5100000.0,3090000000000.0,,,,,,,,76.8,IS_808_2021,13,41,"SI columns authoritative (mm, mm2, mm3, mm4, mm6); inch columns derived",ok,"ry_mm printed 7.69 disagrees with sqrt(I/A)=76.78 (A, I corroborated by mass/Ze) -> 76.8"
PBP300X184.12,PBP300X184.12,PBP 300 x 184.12,PBP,36.2701,1009.054,333.9488,13.021602,181.2405,82.3821,156.2208,53.1517,5.2362,3.0354,12.9134,0.99606,12.6378,0.99606,11879.2325,3.5707,11.9173,184.12,184.12,23400.0,420000000.0,139000000.0,328.0,321.0,25.3,25.3,90.0,15.0,0.0,133.0,77.1,2560000.0,871000.0,2970000.0,1350000.0,5420000.0,3190000000000.0,,,,,,,,77.1,IS_808_2021,13,41,"SI columns authoritative (mm, mm2, mm3, mm4, mm6); inch columns derived",ok,"ry_mm printed 7.72 disagrees with sqrt(I/A)=77.07 (A, I corroborated by mass/Ze) -> 77.1"
PBP320X184.1,PBP320X184.1,PBP 320 x 184.1,PBP,36.2701,1013.8591,319.5338,14.078706,181.2405,79.9411,156.2208,51.321,5.2756,2.9685,12.9528,0.98425,12.4803,0.98425,11395.1259,3.4949,11.9685,184.1,184.1,23400.0,422000000.0,133000000.0,329.0,317.0,25.0,25.0,90.0,27.0,0.0,134.0,75.4,2560000.0,841000.0,2970000.0,1310000.0,5860000.0,3060000000000.0,,,,,,,,75.4,IS_808_2021,13,41,"SI columns authoritative (mm, mm2, mm3, mm4, mm6); inch columns derived",ok,"ry_mm printed 7.54 disagrees with sqrt(I/A)=75.39 (A, I corroborated by mass/Ze) -> 75.4"
PBP300X222.58,PBP300X222.58,PBP 300 x 222.58,PBP,43.8651,1261.3175,420.4392,22.48749,222.1264,101.9097,189.1736,65.2954,5.3543,3.0945,13.3071,1.19291,12.8346,1.19291,15416.935,3.6686,12.1142,222.58,222.58,28300.0,525000000.0,175000000.0,338.0,326.0,30.3,30.3,90.0,15.0,0.0,136.0,78.6,3100000.0,1070000.0,3640000.0,1670000.0,9360000.0,4140000000000.0,,,,,,,,78.6,IS_808_2021,13,41,"SI columns authoritative (mm, mm2, mm3, mm4, mm6); inch columns derived",ok,"ry_mm printed 7.87 disagrees with sqrt(I/A)=78.64 (A, I corroborated by mass/Ze) -> 78.6"
PBP400X122.4,PBP400X122.4,PBP 400 x 122.4,PBP,24.025,833.6708,331.5463,2.666786,134.8625,65.9056,121.4373,43.3269,5.8661,3.7165,13.7008,0.55118,15.3543,0.55118,14374.2437,4.2399,13.1496,122.4,122.4,15500.0,347000000.0,138000000.0,348.0,390.0,14.0,14.0,90.0,15.0,0.0,149.0,94.4,1990000.0,710000.0,2210000.0,1080000.0,1110000.0,3860000000000.0,,,,,,,,94.4,IS_808_2021,13,41,"SI columns authoritative (mm, mm2, mm3, mm4, mm6); inch columns derived",ok,"ry_mm printed 9.4 disagrees with sqrt(I/A)=94.36 (A, I corroborated by mass/Ze) -> 94.4"
PBP400X140.2,PBP400X140.2,PBP 400 x 140.2,PBP,27.5901,965.8089,384.4015,3.964141,155.0003,76.2797,139.1341,50.0395,5.9055,3.7323,13.8583,0.62992,15.4331,0.62992,16869.255,4.2781,13.2283,140.2,140.2,17800.0,402000000.0,160000000.0,352.0,392.0,16.0,16.0,90.0,15.0,0.0,150.0,94.8,2280000.0,820000.0,2540000.0,1250000.0,1650000.0,4530000000000.0,,,,,,,,94.8,IS_808_2021,13,41,"SI columns authoritative (mm, mm2, mm3, mm4, mm6); inch columns derived",ok,"ry_mm printed 9.5 disagrees with sqrt(I/A)=94.81 (A, I corroborated by mass/Ze) -> 94.8"
PBP360X152.2,PBP360X152.2,PBP 360 x 152.2,PBP,29.9151,1052.2992,379.5965,5.405647,168.4255,78.7206,150.1184,51.504,5.9055,3.563,14.0157,0.70866,14.8031,0.70472,16869.255,4.1057,13.311,152.2,152.2,19300.0,438000000.0,158000000.0,356.0,376.0,18.0,17.9,90.0,15.0,0.0,150.0,90.5,2460000.0,844000.0,2760000.0,1290000.0,2250000.0,4530000000000.0,,,,,,,,90.5,IS_808_2021,13,41,"SI columns authoritative (mm, mm2, mm3, mm4, mm6); inch columns derived",ok,"ry_mm printed 9 disagrees with sqrt(I/A)=90.48 (A, I corroborated by mass/Ze) -> 90.5"
PBP400X158.1,PBP400X158.1,PBP 400 x 158.1,PBP,31.1551,1102.7519,439.6593,5.621872,175.7484,86.6537,156.831,56.8741,5.9449,3.7559,14.0157,0.70866,15.5118,0.70866,19513.2221,4.3216,13.3071,158.1,158.1,20100.0,459000000.0,183000000.0,356.0,394.0,18.0,18.0,90.0,15.0,0.0,151.0,95.4,2570000.0,932000.0,2880000.0,1420000.0,2340000.0,5240000000000.0,,,,,,,,95.4,IS_808_2021,13,41,"SI columns authoritative (mm, mm2, mm3, mm4, mm6); inch columns derived",ok,"ry_mm printed 9.6 disagrees with sqrt(I/A)=95.42 (A, I corroborated by mass/Ze) -> 95.4"
PBP400X176.1,PBP400X176.1,PBP 400 x 176.1,PBP,34.7201,1242.0975,497.3195,7.712056,197.1067,97.638,175.1381,63.4647,5.9843,3.7835,14.1732,0.7874,15.5906,0.7874,22268.9061,4.3591,13.3858,176.1,176.1,22400.0,517000000.0,207000000.0,360.0,396.0,20.0,20.0,90.0,15.0,0.0,152.0,96.1,2870000.0,1040000.0,3230000.0,1600000.0,3210000.0,5980000000000.0,,,,,,,,96.1,IS_808_2021,13,41,"SI columns authoritative (mm, mm2, mm3, mm4, mm6); inch columns derived",ok,"ry_mm printed 9.6 disagrees with sqrt(I/A)=96.13 (A, I corroborated by mass/Ze) -> 96.1"
PBP360X174.2,PBP360X174.2,PBP 360 x 174.2,PBP,34.2551,1222.8774,444.4643,7.808156,194.0555,91.5356,172.087,59.6812,5.9449,3.6024,14.2126,0.7874,14.9213,0.80315,19960.0898,4.1603,13.4094,174.2,174.2,22100.0,509000000.0,185000000.0,361.0,379.0,20.0,20.4,90.0,15.0,0.0,151.0,91.5,2820000.0,978000.0,3180000.0,1500000.0,3250000.0,5360000000000.0,,,,,,,,91.5,IS_808_2021,13,41,"SI columns authoritative (mm, mm2, mm3, mm4, mm6); inch columns derived",ok,"ry_mm printed 9.1 disagrees with sqrt(I/A)=91.49 (A, I corroborated by mass/Ze) -> 91.5"
PBP360X178.4,PBP360X178.4,PBP 360 x 178.4,PBP,35.1851,1254.11,454.0743,8.576959,198.9374,93.3663,175.7484,61.0237,5.9843,3.5906,14.252,0.82677,14.9213,0.82283,20518.6744,4.1675,13.4291,178.4,178.4,22700.0,522000000.0,189000000.0,362.0,379.0,21.0,20.9,90.0,15.0,0.0,152.0,91.2,2880000.0,1000000.0,3260000.0,1530000.0,3570000.0,5510000000000.0,,,,,,,,91.2,IS_808_2021,13,41,"SI columns authoritative (mm, mm2, mm3, mm4, mm6); inch columns derived",ok,"ry_mm printed 9.1 disagrees with sqrt(I/A)=91.25 (A, I corroborated by mass/Ze) -> 91.2"
PBP400X194.3,PBP400X194.3,PBP 400 x 194.3,PBP,38.2851,1383.8455,554.9797,10.282741,218.465,108.6223,192.835,70.7875,6.0236,3.8071,14.3307,0.86614,15.6693,0.86614,25136.3071,4.401,13.4646,194.3,194.3,24700.0,576000000.0,231000000.0,364.0,398.0,22.0,22.0,90.0,15.0,0.0,153.0,96.7,3160000.0,1160000.0,3580000.0,1780000.0,4280000.0,6750000000000.0,,,,,,,,96.7,IS_808_2021,13,41,"SI columns authoritative (mm, mm2, mm3, mm4, mm6); inch columns derived",ok,"ry_mm printed 9.7 disagrees with sqrt(I/A)=96.71 (A, I corroborated by mass/Ze) -> 96.7"
PBP400X212.5,PBP400X212.5,PBP 400 x 212.5,PBP,41.8501,1532.8011,615.0425,13.357953,240.4336,119.6065,211.1422,78.1104,6.063,3.8346,14.4882,0.94488,15.748,0.94488,28189.9029,4.4408,13.5433,212.5,212.5,27000.0,638000000.0,256000000.0,368.0,400.0,24.0,24.0,90.0,15.0,0.0,154.0,97.4,3460000.0,1280000.0,3940000.0,1960000.0,5560000.0,7570000000000.0,,,,,,,,97.4,IS_808_2021,13,41,"SI columns authoritative (mm, mm2, mm3, mm4, mm6); inch columns derived",ok,"ry_mm printed 9.7 disagrees with sqrt(I/A)=97.37 (A, I corroborated by mass/Ze) -> 97.4"
PBP400X230.9,PBP400X230.9,PBP 400 x 230.9,PBP,45.5701,1684.1592,677.5077,16.985743,263.0123,131.201,230.0595,85.4332,6.063,3.8543,14.6457,1.02362,15.8268,1.02362,31355.2156,4.476,13.622,230.9,230.9,29400.0,701000000.0,282000000.0,372.0,402.0,26.0,26.0,90.0,15.0,0.0,154.0,97.9,3770000.0,1400000.0,4310000.0,2150000.0,7070000.0,8420000000000.0,,,,,,,,97.9,IS_808_2021,13,41,"SI columns authoritative (mm, mm2, mm3, mm4, mm6); inch columns derived",ok,"ry_mm printed 9.8 disagrees with sqrt(I/A)=97.94 (A, I corroborated by mass/Ze) -> 97.9"
SC100,SC100,SC 100,SC,3.937,10.4269,3.2674,0.254666,6.1634,2.7583,5.3091,1.6598,1.626,0.9094,3.937,0.23622,3.937,0.3937,12.5495,1.0982,3.5433,19.97,19.97,2540.0,4340000.0,1360000.0,100.0,100.0,6.0,10.0,98.0,12.0,6.0,41.3,23.1,87000.0,27200.0,101000.0,45200.0,106000.0,3370000000.0,,,,,,,,23.1,IS_808_2021,5,21,"SI columns authoritative (mm, mm2, mm3, mm4, mm6); inch columns derived",ok,
SC120,SC120,SC 120,SC,5.177,20.1811,6.1264,0.396414,9.8248,4.3205,8.5433,2.5996,1.9764,1.0906,4.7244,0.25591,4.7244,0.43307,35.0046,1.3092,4.2913,26.22,26.22,3340.0,8400000.0,2550000.0,120.0,120.0,6.5,11.0,98.0,12.0,6.0,50.2,27.7,140000.0,42600.0,161000.0,70800.0,165000.0,9400000000.0,,,,,,,,27.7,IS_808_2021,5,21,"SI columns authoritative (mm, mm2, mm3, mm4, mm6); inch columns derived",ok,
SC140,SC140,SC 140,SC,6.5565,35.3169,10.499,0.591017,14.6457,6.3465,12.815,3.814,2.3228,1.2638,5.5118,0.27559,5.5118,0.47244,83.4153,1.5196,5.0394,33.25,33.25,4230.0,14700000.0,4370000.0,140.0,140.0,7.0,12.0,98.0,12.0,6.0,59.0,32.1,210000.0,62500.0,240000.0,104000.0,246000.0,22400000000.0,,,,,,,,32.1,IS_808_2021,5,21,"SI columns authoritative (mm, mm2, mm3, mm4, mm6); inch columns derived",ok,
SC150,SC150,SC 150,SC,7.285,46.1282,13.3099,0.663093,17.5748,7.4449,15.439,4.4486,2.5157,1.3504,5.9843,0.31102,5.9843,0.4685,126.9849,1.6318,5.5157,36.93,36.93,4700.0,19200000.0,5540000.0,152.0,152.0,7.9,11.9,98.0,11.7,3.0,63.9,34.3,253000.0,72900.0,288000.0,122000.0,276000.0,34100000000.0,,,,,,,,34.3,IS_808_2021,5,21,"SI columns authoritative (mm, mm2, mm3, mm4, mm6); inch columns derived",ok,
SC160,SC160,SC 160,SC,8.2615,57.9005,16.6734,0.920161,21.0532,8.9095,18.4292,5.2969,2.6535,1.4213,6.2992,0.31496,6.2992,0.51181,178.3747,1.7202,5.7874,41.85,41.85,5330.0,24100000.0,6940000.0,160.0,160.0,8.0,13.0,98.0,15.0,7.5,67.4,36.1,302000.0,86800.0,345000.0,146000.0,383000.0,47900000000.0,,,,,,,,36.1,IS_808_2021,5,21,"SI columns authoritative (mm, mm2, mm3, mm4, mm6); inch columns derived",ok,
SC180,SC180,SC 180,SC,9.9665,89.6136,25.2264,1.268525,28.7422,12.0217,25.2638,7.1398,3.0,1.5945,7.0866,0.33465,7.0866,0.55118,348.9292,1.9271,6.5354,50.48,50.48,6430.0,37300000.0,10500000.0,180.0,180.0,8.5,14.0,98.0,15.0,7.5,76.2,40.5,414000.0,117000.0,471000.0,197000.0,528000.0,93700000000.0,,,,,,,,40.5,IS_808_2021,5,21,"SI columns authoritative (mm, mm2, mm3, mm4, mm6); inch columns derived",ok,
SC200,SC200,SC 200,SC,11.8885,132.6185,36.5181,1.79948,38.2619,15.8051,33.6851,9.2756,3.3425,1.7559,7.874,0.35433,7.874,0.59055,636.7864,2.1277,7.2835,60.24,60.24,7670.0,55200000.0,15200000.0,200.0,200.0,9.0,15.0,98.0,18.0,9.0,84.9,44.6,552000.0,152000.0,627000.0,259000.0,749000.0,171000000000.0,,,,,,,,44.6,IS_808_2021,5,21,"SI columns authoritative (mm, mm2, mm3, mm4, mm6); inch columns derived",ok,
SC220,SC220,SC 220,SC,13.888,188.8373,51.654,2.364069,49.3682,20.3209,43.632,11.9607,3.689,1.9291,8.6614,0.37402,8.6614,0.62992,1098.5497,2.3366,8.0315,70.41,70.41,8960.0,78600000.0,21500000.0,220.0,220.0,9.5,16.0,98.0,18.0,9.0,93.7,49.0,715000.0,196000.0,809000.0,333000.0,984000.0,295000000000.0,,,,,,,,49.0,IS_808_2021,5,21,"SI columns authoritative (mm, mm2, mm3, mm4, mm6); inch columns derived",ok,
SC250,SC250,SC 250,SC,16.74,297.9112,78.0816,3.435589,68.3466,27.3386,60.7186,15.8662,4.1732,2.1535,9.8425,0.3937,9.8425,0.66929,2234.3384,2.6228,9.1732,85.54,85.54,10800.0,124000000.0,32500000.0,250.0,250.0,10.0,17.0,98.0,23.0,11.5,106.0,54.7,995000.0,260000.0,1120000.0,448000.0,1430000.0,600000000000.0,,,,,,,,54.7,IS_808_2021,5,21,"SI columns authoritative (mm, mm2, mm3, mm4, mm6); inch columns derived",ok,
WB150,WB150,WB 150,WB,3.348,20.1571,2.2752,0.101386,7.689,1.9467,6.7736,1.1533,2.4528,0.8228,5.9055,0.2126,3.937,0.27559,22.1944,1.0242,5.6299,17.0,17.0,2160.0,8390000.0,947000.0,150.0,100.0,5.4,7.0,96.0,8.0,4.0,62.3,20.9,111000.0,18900.0,126000.0,31900.0,42200.0,5960000000.0,,,,,,,,20.9,IS_808_2021,1,8,"SI columns authoritative (mm, mm2, mm3, mm4, mm6); inch columns derived",ok,"rz_mm printed 6.22 disagrees with sqrt(I/A)=62.32 (A, I corroborated by mass/Ze) -> 62.3 | ry_mm printed 2.09 disagrees with sqrt(I/A)=20.94 (A, I corroborated by mass/Ze) -> 20.9"
WB175,WB175,WB 175,WB,4.3555,36.2779,4.5167,0.149436,11.8386,3.1244,10.4961,1.8368,2.8858,1.0197,6.8898,0.22835,4.9213,0.29134,62.9339,1.2674,6.5984,22.06,22.06,2810.0,15100000.0,1880000.0,175.0,125.0,5.8,7.4,96.0,8.0,4.0,73.3,25.9,172000.0,30100.0,194000.0,51200.0,62200.0,16900000000.0,,,,,,,,25.9,IS_808_2021,1,8,"SI columns authoritative (mm, mm2, mm3, mm4, mm6); inch columns derived",ok,"rz_mm printed 7.32 disagrees with sqrt(I/A)=73.31 (A, I corroborated by mass/Ze) -> 73.3 | ry_mm printed 2.59 disagrees with sqrt(I/A)=25.87 (A, I corroborated by mass/Ze) -> 25.9"
WB200,WB200,WB 200,WB,5.6885,62.9458,7.8802,0.271484,17.941,4.8026,15.9882,2.862,3.3268,1.1772,7.874,0.24016,5.5118,0.35433,139.6462,1.4404,7.5197,28.8,28.8,3670.0000000000005,26200000.0,3280000.0,200.0,140.0,6.1,9.0,96.0,9.0,4.5,84.5,29.9,262000.0,46900.0,294000.0,78700.0,113000.0,37500000000.0,,,,,,,,29.9,IS_808_2021,1,8,"SI columns authoritative (mm, mm2, mm3, mm4, mm6); inch columns derived",ok,"rz_mm printed 8.45 disagrees with sqrt(I/A)=84.49 (A, I corroborated by mass/Ze) -> 84.5 | ry_mm printed 2.99 disagrees with sqrt(I/A)=29.90 (A, I corroborated by mass/Ze) -> 29.9"
WB200X52.09,WB200X52.09,WB 200,WB,10.292,114.84,19.4363,1.580851,32.8918,10.6792,28.6812,6.4685,3.3386,1.374,7.9921,0.35039,5.9843,0.64961,312.435,1.6483,7.3425,52.09,52.09,6640.000000000001,47800000.0,8090000.0,203.0,152.0,8.9,16.5,98.0,15.5,7.6,84.8,34.9,470000.0,106000.0,539000.0,175000.0,658000.0,83900000000.0,,,,,,,,34.9,IS_808_2021,1,8,"SI columns authoritative (mm, mm2, mm3, mm4, mm6); inch columns derived",ok,"rz_mm printed 8.48 disagrees with sqrt(I/A)=84.85 (A, I corroborated by mass/Ze) -> 84.8 | ry_mm printed 3.49 disagrees with sqrt(I/A)=34.91 (A, I corroborated by mass/Ze) -> 34.9"
WB225,WB225,WB 225,WB,6.696,94.1784,10.7632,0.372389,23.7382,6.0841,21.2363,3.6492,3.752,1.2677,8.8583,0.25197,5.9055,0.38976,239.819,1.5467,8.4685,33.93,33.93,4320.0,39200000.0,4480000.0,225.0,150.0,6.4,9.9,96.0,9.0,4.5,95.3,32.2,348000.0,59800.0,389000.0,99700.0,155000.0,64400000000.0,,,,,,,,32.2,IS_808_2021,1,8,"SI columns authoritative (mm, mm2, mm3, mm4, mm6); inch columns derived",ok,"rz_mm printed 9.52 disagrees with sqrt(I/A)=95.26 (A, I corroborated by mass/Ze) -> 95.3 | ry_mm printed 3.22 disagrees with sqrt(I/A)=32.20 (A, I corroborated by mass/Ze) -> 32.2"
WB250,WB250,WB 250,WB,8.06,142.7091,20.5895,0.427647,32.1595,9.0925,28.9863,5.2297,4.2087,1.5984,9.8425,0.26378,7.874,0.35433,647.9581,1.9962,9.4882,40.84,40.84,5200.0,59400000.0,8570000.0,250.0,200.0,6.7,9.0,96.0,10.0,5.0,106.9,40.6,475000.0,85700.0,527000.0,149000.0,178000.0,174000000000.0,,,,,,,,40.6,IS_808_2021,1,8,"SI columns authoritative (mm, mm2, mm3, mm4, mm6); inch columns derived",ok,"rz_mm printed 10.6 disagrees with sqrt(I/A)=106.88 (A, I corroborated by mass/Ze) -> 106.9 | ry_mm printed 4.05 disagrees with sqrt(I/A)=40.60 (A, I corroborated by mass/Ze) -> 40.6"
WB300,WB300,WB 300,WB,9.5015,235.9264,23.7848,0.59342,44.6084,10.4351,39.9095,6.0414,4.9843,1.5827,11.811,0.29134,7.874,0.3937,1042.6913,1.9864,11.4173,48.12,48.12,6130.0,98200000.0,9900000.0,300.0,200.0,7.4,10.0,96.0,11.0,5.5,126.6,40.2,654000.0,99000.0,731000.0,171000.0,247000.0,280000000000.0,,,,,,,,40.2,IS_808_2021,1,8,"SI columns authoritative (mm, mm2, mm3, mm4, mm6); inch columns derived",ok,"rz_mm printed 12.6 disagrees with sqrt(I/A)=126.57 (A, I corroborated by mass/Ze) -> 126.6 | ry_mm printed 4.01 disagrees with sqrt(I/A)=40.19 (A, I corroborated by mass/Ze) -> 40.2"
WB350,WB350,WB 350,WB,11.222,372.389,28.1094,0.855293,60.7186,12.2047,54.1281,7.1398,5.7598,1.5827,13.7795,0.31496,7.874,0.44882,1619.8953,1.9855,13.3307,56.89,56.89,7240.000000000001,155000000.0,11700000.0,350.0,200.0,8.0,11.4,96.0,12.0,6.0,146.3,40.2,887000.0,117000.0,995000.0,200000.0,356000.0,435000000000.0,,,,,,,,40.2,IS_808_2021,1,8,"SI columns authoritative (mm, mm2, mm3, mm4, mm6); inch columns derived",ok,"rz_mm printed 14.6 disagrees with sqrt(I/A)=146.32 (A, I corroborated by mass/Ze) -> 146.3 | ry_mm printed 4.02 disagrees with sqrt(I/A)=40.20 (A, I corroborated by mass/Ze) -> 40.2"
WB400,WB400,WB 400,WB,13.175,562.1872,33.1546,1.21567,80.5513,14.2796,71.3978,8.4213,6.5315,1.5866,15.748,0.33858,7.874,0.51181,2413.0855,1.9904,15.2362,66.71,66.71,8500.0,234000000.0,13800000.0,400.0,200.0,8.6,13.0,96.0,13.0,6.5,165.9,40.3,1170000.0,138000.0,1320000.0,234000.0,506000.0,648000000000.0,,,,,,,,40.3,IS_808_2021,1,8,"SI columns authoritative (mm, mm2, mm3, mm4, mm6); inch columns derived",ok,"rz_mm printed 16.6 disagrees with sqrt(I/A)=165.92 (A, I corroborated by mass/Ze) -> 165.9 | ry_mm printed 4.04 disagrees with sqrt(I/A)=40.29 (A, I corroborated by mass/Ze) -> 40.3"
WB450,WB450,WB 450,WB,15.655,843.2809,40.8427,1.890775,107.4018,17.3307,95.197,10.374,7.3386,1.6142,17.7165,0.3622,7.874,0.6063,3608.4565,2.0082,17.1102,79.52,79.52,10100.0,351000000.0,17000000.0,450.0,200.0,9.2,15.4,96.0,15.0,7.0,186.4,41.0,1560000.0,170000.0,1760000.0,284000.0,787000.0,969000000000.0,,,,,,,,41.0,IS_808_2021,1,8,"SI columns authoritative (mm, mm2, mm3, mm4, mm6); inch columns derived",ok,"rz_mm printed 18.6 disagrees with sqrt(I/A)=186.42 (A, I corroborated by mass/Ze) -> 186.4 | ry_mm printed 4.1 disagrees with sqrt(I/A)=41.03 (A, I corroborated by mass/Ze) -> 41"
WB500,WB500,WB 500,WB,18.755,1254.11,71.5948,2.265567,143.4058,24.7756,127.5396,14.5847,8.1772,1.9528,19.685,0.38976,9.8425,0.57874,8378.769,2.4643,19.1063,95.12,95.12,12100.0,522000000.0,29800000.0,500.0,250.0,9.9,14.7,96.0,15.0,7.5,207.7,49.6,2090000.0,239000.0,2350000.0,406000.0,943000.0,2250000000000.0,,,,,,,,49.6,IS_808_2021,1,8,"SI columns authoritative (mm, mm2, mm3, mm4, mm6); inch columns derived",ok,"rz_mm printed 20.7 disagrees with sqrt(I/A)=207.70 (A, I corroborated by mass/Ze) -> 207.7 | ry_mm printed 4.96 disagrees with sqrt(I/A)=49.63 (A, I corroborated by mass/Ze) -> 49.6"
WB550,WB550,WB 550,WB,22.165,1799.4797,89.8539,3.483639,186.7327,30.5119,165.9846,18.2461,9.0118,2.0118,21.6535,0.41339,9.8425,0.69291,12065.4274,2.5046,20.9606,112.48,112.48,14300.0,749000000.0,37400000.0,550.0,250.0,10.5,17.6,96.0,16.0,8.0,228.9,51.1,2720000.0,299000.0,3060000.0,500000.0,1450000.0,3240000000000.0,,,,,,,,51.1,IS_808_2021,1,8,"SI columns authoritative (mm, mm2, mm3, mm4, mm6); inch columns derived",ok,"rz_mm printed 22.8 disagrees with sqrt(I/A)=228.86 (A, I corroborated by mass/Ze) -> 228.9 | ry_mm printed 5.1 disagrees with sqrt(I/A)=51.14 (A, I corroborated by mass/Ze) -> 51.1"
WB600,WB600,WB 600,WB,26.3501,2546.6602,112.918,5.621872,242.8745,37.7737,216.0241,22.9449,9.8307,2.0709,23.622,0.44094,9.8425,0.83858,17278.8837,2.5428,22.7835,133.7,133.7,17000.0,1060000000.0,47000000.0,600.0,250.0,11.2,21.3,96.0,17.0,8.5,249.7,52.6,3540000.0,376000.0,3980000.0,619000.0,2340000.0,4640000000000.0,,,,,,,,52.6,IS_808_2021,1,8,"SI columns authoritative (mm, mm2, mm3, mm4, mm6); inch columns derived",ok,"rz_mm printed 24.9 disagrees with sqrt(I/A)=249.71 (A, I corroborated by mass/Ze) -> 249.7 | ry_mm printed 5.25 disagrees with sqrt(I/A)=52.58 (A, I corroborated by mass/Ze) -> 52.6"
WB600X145.06,WB600X145.06,WB 600,WB,28.5201,2762.8861,127.0928,7.327654,264.843,42.2284,234.9414,25.813,9.8425,2.1102,23.622,0.46457,9.8425,0.92913,18991.8765,2.5715,22.6929,145.06,145.06,18400.0,1150000000.0,52900000.0,600.0,250.0,11.8,23.6,96.0,18.0,9.0,250.0,53.6,3850000.0,423000.0,4340000.0,692000.0,3050000.0,5100000000000.0,,,,,,,,53.6,IS_808_2021,1,8,"SI columns authoritative (mm, mm2, mm3, mm4, mm6); inch columns derived",ok,"rz_mm printed 25 disagrees with sqrt(I/A)=250.00 (A, I corroborated by mass/Ze) -> 250 | ry_mm printed 5.35 disagrees with sqrt(I/A)=53.62 (A, I corroborated by mass/Ze) -> 53.6"
WPB100X100X12.24,WPB100X100X12.24,WPB 100 X 100 X 12.24,WPB,2.4025,5.6699,2.2103,0.055738,3.5577,1.7331,3.1671,1.1228,1.5315,0.9567,3.5827,0.16535,3.937,0.21654,6.2189,1.082,3.3661,12.24,12.24,1550.0,2360000.0,920000.0,91.0,100.0,4.2,5.5,90.0,12.0,0.0,38.9,24.3,51900.0,18400.0,58300.0,28400.0,23200.0,1670000000.0,,,,,,,,24.3,IS_808_2021,4,15,"SI columns authoritative (mm, mm2, mm3, mm4, mm6); inch columns derived",ok,
WPB100X100X16.67,WPB100X100X16.67,WPB 100 X 100 X 16.67,WPB,3.286,8.3848,3.1953,0.126853,5.065,2.5081,4.4364,1.6293,1.5945,0.9882,3.7795,0.19685,3.937,0.31496,9.6077,1.1175,3.4646,16.67,16.67,2120.0,3490000.0,1330000.0,96.0,100.0,5.0,8.0,90.0,12.0,0.0,40.5,25.1,72700.0,26700.0,83000.0,41100.0,52800.0,2580000000.0,,,,,,,,25.1,IS_808_2021,4,15,"SI columns authoritative (mm, mm2, mm3, mm4, mm6); inch columns derived",ok,
WPB100X100X20.44,WPB100X100X20.44,WPB 100 X 100 X 20.44,WPB,4.03,10.7873,4.0122,0.224154,6.3465,3.1366,5.486,2.0382,1.6339,0.9961,3.937,0.23622,3.937,0.3937,12.5495,1.1373,3.5433,20.44,20.44,2600.0,4490000.0,1670000.0,100.0,100.0,6.0,10.0,90.0,12.0,0.0,41.5,25.3,89900.0,33400.0,104000.0,51400.0,93300.0,3370000000.0,,,,,,,,25.3,IS_808_2021,4,15,"SI columns authoritative (mm, mm2, mm3, mm4, mm6); inch columns derived",ok,
WPB120X120X14.56,WPB120X120X14.56,WPB 120 X 120 X 14.56,WPB,2.8675,9.9224,3.796,0.062225,5.1321,2.4776,4.6256,1.611,1.8583,1.1496,4.2913,0.16535,4.7244,0.21654,15.7893,1.2937,4.0748,14.56,14.56,1850.0,4130000.0,1580000.0,109.0,120.0,4.2,5.5,90.0,12.0,0.0,47.2,29.2,75800.0,26400.0,84100.0,40600.0,25900.0,4240000000.0,,,,,,,,29.2,IS_808_2021,4,15,"SI columns authoritative (mm, mm2, mm3, mm4, mm6); inch columns derived",ok,
WPB120X120X19.89,WPB120X120X19.89,WPB 120 X 120 X 19.89,WPB,3.9215,14.5592,5.5258,0.145112,7.2618,3.5882,6.4685,2.3433,1.9252,1.185,4.4882,0.19685,4.7244,0.31496,24.0936,1.3356,4.1732,19.89,19.89,2530.0,6060000.0,2300000.0,114.0,120.0,5.0,8.0,90.0,12.0,0.0,48.9,30.1,106000.0,38400.0,119000.0,58800.0,60400.0,6470000000.0,,,,,,,,30.1,IS_808_2021,4,15,"SI columns authoritative (mm, mm2, mm3, mm4, mm6); inch columns derived",ok,
WPB120X120X26.7,WPB120X120X26.7,WPB 120 X 120 X 26.7,WPB,5.27,20.7577,7.616,0.333949,10.0689,4.9368,8.7874,3.2282,1.9843,1.2008,4.7244,0.25591,4.7244,0.43307,35.0046,1.3631,4.2913,26.7,26.7,3400.0,8640000.0,3170000.0,120.0,120.0,6.5,11.0,90.0,12.0,0.0,50.4,30.5,144000.0,52900.0,165000.0,80900.0,139000.0,9400000000.0,,,,,,,,30.5,IS_808_2021,4,15,"SI columns authoritative (mm, mm2, mm3, mm4, mm6); inch columns derived",ok,
WPB100X100X41.79,WPB100X100X41.79,WPB 100 X 100 X 41.79,WPB,8.246,27.3886,9.586,1.614486,14.3406,7.0788,11.5945,4.5951,1.8228,1.0748,4.7244,0.47244,4.1732,0.7874,36.9411,1.274,3.937,41.79,41.79,5320.0,11400000.0,3990000.0,120.0,106.0,12.0,20.0,90.0,12.0,0.0,46.3,27.3,190000.0,75300.0,235000.0,116000.0,672000.0,9920000000.0,,,,,,,,27.3,IS_808_2021,4,15,"SI columns authoritative (mm, mm2, mm3, mm4, mm6); inch columns derived",ok,
WPB140X140X18.08,WPB140X140X18.08,WPB 140 X 140 X 18.08,WPB,3.565,17.274,6.5829,0.082406,7.5059,3.6553,6.8347,2.3921,2.2008,1.3583,5.0394,0.16929,5.5118,0.23622,37.9838,1.5211,4.8031,18.08,18.08,2300.0,7190000.0,2740000.0,128.0,140.0,4.3,6.0,90.0,12.0,0.0,55.9,34.5,112000.0,39200.0,123000.0,59900.0,34300.0,10200000000.0,,,,,,,,34.5,IS_808_2021,4,15,"SI columns authoritative (mm, mm2, mm3, mm4, mm6); inch columns derived",ok,
WPB140X140X24.66,WPB140X140X24.66,WPB 140 X 140 X 24.66,WPB,4.867,24.7458,9.3458,0.194603,10.5571,5.1748,9.4587,3.3929,2.2559,1.3858,5.2362,0.21654,5.5118,0.33465,55.8585,1.5542,4.9016,24.66,24.66,3140.0,10300000.0,3890000.0,133.0,140.0,5.5,8.5,90.0,12.0,0.0,57.3,35.2,155000.0,55600.0,173000.0,84800.0,81000.0,15000000000.0,,,,,,,,35.2,IS_808_2021,4,15,"SI columns authoritative (mm, mm2, mm3, mm4, mm6); inch columns derived",ok,
WPB140X140X33.72,WPB140X140X33.72,WPB 140 X 140 X 33.72,WPB,6.6495,36.0376,13.1898,0.482904,14.9508,7.2618,13.1201,4.7904,2.3307,1.4055,5.5118,0.27559,5.5118,0.47244,83.4153,1.59,5.0394,33.72,33.72,4290.0,15000000.0,5490000.0,140.0,140.0,7.0,12.0,90.0,12.0,0.0,59.2,35.7,215000.0,78500.0,245000.0,119000.0,201000.0,22400000000.0,,,,,,,,35.7,IS_808_2021,4,15,"SI columns authoritative (mm, mm2, mm3, mm4, mm6); inch columns derived",ok,
WPB120X120X52.13,WPB120X120X52.13,WPB 120 X 120 X 52.13,WPB,10.292,48.2904,16.8656,2.174271,21.3583,10.4351,17.5748,6.7736,2.1693,1.2795,5.5118,0.49213,4.9606,0.82677,91.9803,1.497,4.685,52.13,52.13,6640.000000000001,20100000.0,7020000.0,140.0,126.0,12.5,21.0,90.0,12.0,0.0,55.1,32.5,288000.0,111000.0,350000.0,171000.0,905000.0,24700000000.0,,,,,,,,32.5,IS_808_2021,4,15,"SI columns authoritative (mm, mm2, mm3, mm4, mm6); inch columns derived",ok,
WPB160X160X22.75,WPB160X160X22.75,WPB 160 X 160 X 22.75,WPB,4.4795,29.3106,11.484,0.109074,11.0453,5.5226,10.0689,3.6431,2.5591,1.5984,5.8268,0.17717,6.2992,0.27559,88.2564,1.7781,5.5512,22.75,22.75,2890.0,12200000.0,4780000.0,148.0,160.0,4.5,7.0,90.0,8.0,0.0,65.0,40.6,165000.0,59700.0,181000.0,90500.0,45400.0,23700000000.0,,,,,,,,40.6,IS_808_2021,4,16,"SI columns authoritative (mm, mm2, mm3, mm4, mm6); inch columns derived",ok,
WPB150X150X23.5,WPB150X150X23.5,WPB 150 X 150 X 23.5,WPB,4.6345,30.5119,9.562,0.133339,11.3504,4.9063,10.191,3.1976,2.5669,1.4331,5.9843,0.22835,5.9843,0.26772,77.8295,1.6361,5.7165,23.5,23.5,2990.0,12700000.0,3980000.0,152.0,152.0,5.8,6.8,90.0,12.0,0.0,65.2,36.4,167000.0,52400.0,186000.0,80400.0,55500.0,20900000000.0,,,,,,,,36.4,IS_808_2021,4,16,"SI columns authoritative (mm, mm2, mm3, mm4, mm6); inch columns derived",ok,
WPB160X160X30.44,WPB160X160X30.44,WPB 160 X 160 X 30.44,WPB,5.9985,40.1219,14.7754,0.290704,14.9508,7.1398,13.4252,4.6927,2.5827,1.5669,5.9843,0.23622,6.2992,0.35433,116.9304,1.7596,5.6299,30.44,30.44,3870.0000000000005,16700000.0,6150000.0,152.0,160.0,6.0,9.0,90.0,15.0,0.0,65.6,39.8,220000.0,76900.0,245000.0,117000.0,121000.0,31400000000.0,,,,,,,,39.8,IS_808_2021,4,16,"SI columns authoritative (mm, mm2, mm3, mm4, mm6); inch columns derived",ok,
WPB150X150X30.11,WPB150X150X30.11,WPB 150 X 150 X 30.11,WPB,5.9365,42.2842,13.4781,0.254666,15.1339,6.7736,13.5473,4.4791,2.6654,1.5039,6.2205,0.25591,6.0236,0.37008,115.0684,1.705,5.8504,30.11,30.11,3829.9999999999995,17600000.0,5610000.0,158.0,153.0,6.5,9.4,90.0,8.0,0.0,67.7,38.2,222000.0,73400.0,248000.0,111000.0,106000.0,30900000000.0,,,,,,,,38.2,IS_808_2021,4,16,"SI columns authoritative (mm, mm2, mm3, mm4, mm6); inch columns derived",ok,
WPB160X160X42.59,WPB160X160X42.59,WPB 160 X 160 X 42.59,WPB,8.401,59.8225,21.3583,0.749583,21.5414,10.313,18.9784,6.7736,2.6654,1.5906,6.2992,0.31496,6.2992,0.51181,178.3747,1.8034,5.7874,42.59,42.59,5420.0,24900000.0,8890000.0,160.0,160.0,8.0,13.0,90.0,15.0,0.0,67.7,40.4,311000.0,111000.0,353000.0,169000.0,312000.0,47900000000.0,,,,,,,,40.4,IS_808_2021,4,16,"SI columns authoritative (mm, mm2, mm3, mm4, mm6); inch columns derived",ok,
WPB140X140X63.24,WPB140X140X63.24,WPB 140 X 140 X 63.24,WPB,12.4775,79.0426,27.3886,2.834961,30.0847,14.6457,25.0808,9.5197,2.5157,1.4803,6.2992,0.51181,5.748,0.86614,202.2076,1.7225,5.4331,63.24,63.24,8050.0,32900000.0,11400000.0,160.0,146.0,13.0,22.0,90.0,12.0,0.0,63.9,37.6,411000.0,156000.0,493000.0,240000.0,1180000.0,54300000000.0,,,,,,,,37.6,IS_808_2021,4,15,"SI columns authoritative (mm, mm2, mm3, mm4, mm6); inch columns derived",ok,
WPB150X150X36.97,WPB150X150X36.97,WPB 150 X 150 X 36.97,WPB,7.285,53.0955,16.8176,0.461282,18.7953,8.4213,16.6595,5.5532,2.6969,1.5157,6.378,0.31496,6.063,0.45276,147.4663,1.729,5.9252,36.97,36.97,4700.0,22100000.0,7000000.0,162.0,154.0,8.0,11.5,90.0,8.0,0.0,68.5,38.5,273000.0,91000.0,308000.0,138000.0,192000.0,39600000000.0,,,,,,,,38.5,IS_808_2021,4,16,"SI columns authoritative (mm, mm2, mm3, mm4, mm6); inch columns derived",ok,
WPB180X180X28.68,WPB180X180X28.68,WPB 180 X 180 X 28.68,WPB,5.6575,47.0892,17.5143,0.199889,15.7441,7.5059,14.3406,4.949,2.8858,1.7598,6.5748,0.19685,7.0866,0.29528,172.4164,1.9575,6.2795,28.68,28.68,3650.0,19600000.0,7290000.0,167.0,180.0,5.0,7.5,90.0,15.0,0.0,73.3,44.7,235000.0,81100.0,258000.0,123000.0,83200.0,46300000000.0,,,,,,,,44.7,IS_808_2021,4,16,"SI columns authoritative (mm, mm2, mm3, mm4, mm6); inch columns derived",ok,
WPB180X180X35.52,WPB180X180X35.52,WPB 180 X 180 X 35.52,WPB,7.006,60.303,22.1992,0.357974,19.7717,9.5197,17.88,6.2244,2.9291,1.7795,6.7323,0.23622,7.0866,0.37402,224.1786,1.9863,6.3583,35.52,35.52,4520.0,25100000.0,9240000.0,171.0,180.0,6.0,9.5,90.0,15.0,0.0,74.4,45.2,293000.0,102000.0,324000.0,156000.0,149000.0,60200000000.0,,,,,,,,45.2,IS_808_2021,4,16,"SI columns authoritative (mm, mm2, mm3, mm4, mm6); inch columns derived",ok,
WPB180X180X51.22,WPB180X180X51.22,WPB 180 X 180 X 51.22,WPB,10.106,92.0161,32.6741,1.013859,29.3524,14.0965,25.9351,9.2146,3.0157,1.7992,7.0866,0.33465,7.0866,0.55118,348.9292,2.029,6.5354,51.22,51.22,6520.0,38300000.0,13600000.0,180.0,180.0,8.5,14.0,90.0,15.0,0.0,76.6,45.7,425000.0,151000.0,481000.0,231000.0,422000.0,93700000000.0,,,,,,,,45.7,IS_808_2021,4,16,"SI columns authoritative (mm, mm2, mm3, mm4, mm6); inch columns derived",ok,
WPB160X160X76.19,WPB160X160X76.19,WPB 160 X 160 X 76.19,WPB,15.035,122.2877,42.0439,3.844015,41.13,19.8327,34.5394,12.876,2.8504,1.6732,7.0866,0.55118,6.5354,0.90551,402.1809,1.9403,6.1811,76.19,76.19,9700.0,50900000.0,17500000.0,180.0,166.0,14.0,23.0,90.0,15.0,0.0,72.4,42.5,566000.0,211000.0,674000.0,325000.0,1600000.0,108000000000.0,,,,,,,,42.5,IS_808_2021,4,16,"SI columns authoritative (mm, mm2, mm3, mm4, mm6); inch columns derived",ok,
WPB200X200X34.65,WPB200X200X34.65,WPB 200 X 200 X 34.65,WPB,6.8355,70.6338,25.4666,0.300314,21.1752,9.9469,19.2835,6.4685,3.2126,1.937,7.3228,0.21654,7.874,0.31496,314.2969,2.1539,7.0079,34.65,34.65,4410.0,29400000.0,10600000.0,186.0,200.0,5.5,8.0,90.0,18.0,0.0,81.6,49.2,316000.0,106000.0,347000.0,163000.0,125000.0,84400000000.0,,,,,,,,49.2,IS_808_2021,4,16,"SI columns authoritative (mm, mm2, mm3, mm4, mm6); inch columns derived",ok,
WPB200X200X42.26,WPB200X200X42.26,WPB 200 X 200 X 42.26,WPB,8.339,88.6526,31.9534,0.504527,26.1792,12.3878,23.6772,8.1162,3.2598,1.9606,7.4803,0.25591,7.874,0.3937,402.1809,2.1881,7.0866,42.26,42.26,5380.0,36900000.0,13300000.0,190.0,200.0,6.5,10.0,90.0,18.0,0.0,82.8,49.8,388000.0,133000.0,429000.0,203000.0,210000.0,108000000000.0,,,,,,,,49.8,IS_808_2021,4,16,"SI columns authoritative (mm, mm2, mm3, mm4, mm6); inch columns derived",ok,
WPB200X200X50.92,WPB200X200X50.92,WPB 200 X 200 X 50.92,WPB,10.044,108.8337,39.6414,0.824061,31.7934,15.1949,28.4981,9.9469,3.2874,1.9843,7.6378,0.31496,7.9528,0.47244,506.45,2.2298,7.1654,50.92,50.92,6480.0,45300000.0,16500000.0,194.0,202.0,8.0,12.0,90.0,18.0,0.0,83.5,50.4,467000.0,163000.0,521000.0,249000.0,343000.0,136000000000.0,,,,,,,,50.4,IS_808_2021,4,16,"SI columns authoritative (mm, mm2, mm3, mm4, mm6); inch columns derived",ok,
WPB200X200X37.34,WPB200X200X37.34,WPB 200 X 200 X 37.34,WPB,7.378,87.163,28.5178,0.319534,24.2875,10.9843,22.1516,7.2618,3.437,1.9685,7.874,0.24016,7.874,0.35039,,,7.5236,37.34,37.34,4760.0,36280000.0,11870000.0,200.0,200.0,6.1,8.9,90.0,10.0,0.0,87.3,50.0,363000.0,119000.0,398000.0,180000.0,133000.0,,,,,,,,,50.0,IS_808_2021,4,16,"SI columns authoritative (mm, mm2, mm3, mm4, mm6); inch columns derived",ok,"Iw cell blank in IS 808:2021 Table 4 (pdf p.16, printed p.14) -> Iw empty (found:false for LTB)"
WPB200X200X61.3,WPB200X200X61.3,WPB 200 X 200 X 61.3,WPB,12.09,136.7028,48.0502,1.434298,39.1772,18.6122,34.7225,12.2047,3.3622,1.9921,7.874,0.35433,7.874,0.59055,636.7864,2.2445,7.2835,61.3,61.3,7800.0,56900000.0,20000000.0,200.0,200.0,9.0,15.0,90.0,18.0,0.0,85.4,50.6,569000.0,200000.0,642000.0,305000.0,597000.0,171000000000.0,,,,,,,,50.6,IS_808_2021,4,16,"SI columns authoritative (mm, mm2, mm3, mm4, mm6); inch columns derived",ok,
WPB180X180X88.9,WPB180X180X88.9,WPB 180 X 180 X 88.9,WPB,17.515,179.7077,61.9847,4.829044,53.884,25.9351,45.6458,16.9036,3.1969,1.878,7.874,0.57087,7.3228,0.94488,741.0556,2.1669,6.9291,88.9,88.9,11300.0,74800000.0,25800000.0,200.0,186.0,14.5,24.0,90.0,15.0,0.0,81.2,47.7,748000.0,277000.0,883000.0,425000.0,2010000.0,199000000000.0,,,,,,,,47.7,IS_808_2021,4,16,"SI columns authoritative (mm, mm2, mm3, mm4, mm6); inch columns derived",ok,
WPB220X220X40.4,WPB220X220X40.4,WPB 220 X 220 X 40.4,WPB,7.967,100.1847,36.2779,0.372389,27.1556,12.754,24.7756,8.3603,3.5433,2.1299,8.0709,0.23622,8.6614,0.33465,539.9651,2.3768,7.7362,40.4,40.4,5140.0,41700000.0,15100000.0,205.0,220.0,6.0,8.5,90.0,18.0,0.0,90.0,54.1,406000.0,137000.0,445000.0,209000.0,155000.0,145000000000.0,,,,,,,,54.1,IS_808_2021,4,16,"SI columns authoritative (mm, mm2, mm3, mm4, mm6); inch columns derived",ok,
WPB200X200X74.01,WPB200X200X74.01,WPB 200 X 200 X 74.01,WPB,14.601,172.2599,62.9458,2.385692,48.3918,23.6772,42.4725,15.5611,3.4331,2.0748,8.1102,0.40157,8.1102,0.70866,860.2203,2.3407,7.4016,74.01,74.01,9420.0,71700000.0,26200000.0,206.0,206.0,10.2,18.0,90.0,18.0,0.0,87.2,52.7,696000.0,255000.0,793000.0,388000.0,993000.0,231000000000.0,,,,,,,,52.7,IS_808_2021,4,16,"SI columns authoritative (mm, mm2, mm3, mm4, mm6); inch columns derived",ok,
WPB200X200X83.52,WPB200X200X83.52,WPB 200 X 200 X 83.52,WPB,16.43,193.402,71.3545,3.219363,54.1891,26.5453,47.0493,17.3307,3.4252,2.0787,8.2283,0.51181,8.2283,0.76772,990.5567,2.3771,7.4606,83.52,83.52,10600.0,80500000.0,29700000.0,209.0,209.0,13.0,19.5,90.0,18.0,0.0,87.0,52.8,771000.0,284000.0,888000.0,435000.0,1340000.0,266000000000.0,,,,,,,,52.8,IS_808_2021,4,16,"SI columns authoritative (mm, mm2, mm3, mm4, mm6); inch columns derived",ok,
WPB220X220X50.51,WPB220X220X50.51,WPB 220 X 220 X 50.51,WPB,9.9665,129.7355,46.8489,0.687118,34.6615,16.4764,31.4272,10.8012,3.6063,2.1693,8.2677,0.27559,8.6614,0.43307,718.7122,2.4164,7.8346,50.51,50.51,6430.0,54000000.0,19500000.0,210.0,220.0,7.0,11.0,90.0,18.0,0.0,91.6,55.1,515000.0,177000.0,568000.0,270000.0,286000.0,193000000000.0,,,,,,,,55.1,IS_808_2021,4,16,"SI columns authoritative (mm, mm2, mm3, mm4, mm6); inch columns derived",ok,
WPB220X220X71.47,WPB220X220X71.47,WPB 220 X 220 X 71.47,WPB,14.105,194.363,68.2313,1.849932,50.4666,23.9823,44.8525,15.7441,3.7087,2.1969,8.6614,0.37402,8.6614,0.62992,1098.5497,2.4706,8.0315,71.47,71.47,9100.0,80900000.0,28400000.0,220.0,220.0,9.5,16.0,90.0,18.0,0.0,94.2,55.8,735000.0,258000.0,827000.0,393000.0,770000.0,295000000000.0,,,,,,,,55.8,IS_808_2021,4,16,"SI columns authoritative (mm, mm2, mm3, mm4, mm6); inch columns derived",ok,
WPB200X200X103.06,WPB200X200X103.06,WPB 200 X 200 X 103.06,WPB,20.305,254.666,87.6916,6.17445,68.9568,33.1359,59.01,21.6024,3.5433,2.0748,8.6614,0.59055,8.1102,0.98425,1288.4685,2.3867,7.6772,103.06,103.06,13100.0,106000000.0,36500000.0,220.0,206.0,15.0,25.0,90.0,18.0,0.0,90.0,52.7,967000.0,354000.0,1130000.0,543000.0,2570000.0,346000000000.0,,,,,,,,52.7,IS_808_2021,4,16,"SI columns authoritative (mm, mm2, mm3, mm4, mm6); inch columns derived",ok,
WPB240X240X47.4,WPB240X240X47.4,WPB 240 X 240 X 47.4,WPB,9.3465,140.0663,49.7319,0.530955,34.7835,16.1103,31.7323,10.5571,3.8701,2.3071,8.8189,0.25591,9.4488,0.35433,890.0115,2.5749,8.4646,47.4,47.4,6030.0,58300000.0,20700000.0,224.0,240.0,6.5,9.0,90.0,21.0,0.0,98.3,58.6,520000.0,173000.0,570000.0,264000.0,221000.0,239000000000.0,,,,,,,,58.6,IS_808_2021,4,16,"SI columns authoritative (mm, mm2, mm3, mm4, mm6); inch columns derived",ok,
WPB220X220X115.61,WPB220X220X115.61,WPB 220 X 220 X 115.61,WPB,22.785,302.7162,120.3657,7.471805,79.9411,41.3131,68.3466,27.0335,3.6535,2.2953,8.8976,0.61024,8.8976,1.02362,1861.9487,2.6318,7.874,115.61,115.61,14700.0,126000000.0,50100000.0,226.0,226.0,15.5,26.0,90.0,18.0,0.0,92.8,58.3,1120000.0,443000.0,1310000.0,677000.0,3110000.0,500000000000.0,,,,,,,,58.3,IS_808_2021,4,16,"SI columns authoritative (mm, mm2, mm3, mm4, mm6); inch columns derived",ok,
WPB240X240X60.32,WPB240X240X60.32,WPB 240 X 240 X 60.32,WPB,11.904,186.4347,66.3093,1.011457,45.4017,21.4193,41.191,14.0355,3.937,2.3622,9.0551,0.29528,9.4488,0.47244,1221.4383,2.6285,8.5827,60.32,60.32,7680.0,77600000.0,27600000.0,230.0,240.0,7.5,12.0,90.0,21.0,0.0,100.0,60.0,675000.0,230000.0,744000.0,351000.0,421000.0,328000000000.0,,,,,,,,60.0,IS_808_2021,4,16,"SI columns authoritative (mm, mm2, mm3, mm4, mm6); inch columns derived",ok,
WPB240X240X83.2,WPB240X240X83.2,WPB 240 X 240 X 83.2,WPB,16.275,269.0811,94.1784,2.474585,64.0749,30.3898,57.2403,19.8937,4.0551,2.3937,9.4488,0.3937,9.4488,0.66929,1809.8141,2.6856,8.7795,83.2,83.2,10500.0,112000000.0,39200000.0,240.0,240.0,10.0,17.0,90.0,21.0,0.0,103.0,60.8,938000.0,326000.0,1050000.0,498000.0,1030000.0,486000000000.0,,,,,,,,60.8,IS_808_2021,4,17,"SI columns authoritative (mm, mm2, mm3, mm4, mm6); inch columns derived",ok,
WPB260X260X54.15,WPB260X260X54.15,WPB 260 X 260 X 54.15,WPB,10.6795,191.7203,66.7898,0.723155,43.571,19.9548,39.9095,13.0591,4.2126,2.5,9.6063,0.25591,10.2362,0.37402,1422.5288,2.7791,9.2323,54.15,54.15,6890.000000000001,79800000.0,27800000.0,244.0,260.0,6.5,9.5,90.0,24.0,0.0,107.0,63.5,654000.0,214000.0,714000.0,327000.0,301000.0,382000000000.0,,,,,,,,63.5,IS_808_2021,4,17,"SI columns authoritative (mm, mm2, mm3, mm4, mm6); inch columns derived",ok,
WPB250X250X67.22,WPB250X250X67.22,WPB 250 X 250 X 67.22,WPB,13.268,225.5957,71.1143,1.232487,51.9312,22.2126,46.378,14.3406,4.0945,2.3189,9.7244,0.43307,9.9213,0.43701,1530.5218,2.6671,9.2874,67.22,67.22,8560.0,93900000.0,29600000.0,247.0,252.0,11.0,11.1,90.0,24.0,0.0,104.0,58.9,760000.0,235000.0,851000.0,364000.0,513000.0,411000000000.0,,,,,,,,58.9,IS_808_2021,4,17,"SI columns authoritative (mm, mm2, mm3, mm4, mm6); inch columns derived",ok,
WPB260X260X68.16,WPB260X260X68.16,WPB 260 X 260 X 68.16,WPB,13.454,249.861,87.9319,1.30216,56.0808,26.2402,51.0159,17.2087,4.2913,2.5591,9.8425,0.29528,10.2362,0.49213,1921.531,2.8385,9.3504,68.16,68.16,8680.0,104000000.0,36600000.0,250.0,260.0,7.5,12.5,90.0,24.0,0.0,109.0,65.0,836000.0,282000.0,919000.0,430000.0,542000.0,516000000000.0,,,,,,,,65.0,IS_808_2021,4,17,"SI columns authoritative (mm, mm2, mm3, mm4, mm6); inch columns derived",ok,
WPB250X250X73.15,WPB250X250X73.15,WPB 250 X 250 X 73.15,WPB,14.4305,264.2761,85.0488,1.624096,59.6202,26.4843,53.7009,17.2697,4.2913,2.4291,9.9213,0.35433,9.8425,0.53543,1873.1204,2.7263,9.3858,73.15,73.15,9310.0,110000000.0,35400000.0,252.0,250.0,9.0,13.6,90.0,24.0,0.0,109.0,61.7,880000.0,283000.0,977000.0,434000.0,676000.0,503000000000.0,,,,,,,,61.7,IS_808_2021,4,17,"SI columns authoritative (mm, mm2, mm3, mm4, mm6); inch columns derived",ok,
WPB250X250X85.04,WPB250X250X85.04,WPB 250 X 250 X 85.04,WPB,16.74,290.7037,93.9381,2.296799,65.9056,28.9863,58.6438,18.6733,4.1339,2.3622,9.9606,0.55118,10.0394,0.55512,2066.763,2.7411,9.4055,85.04,85.04,10800.0,121000000.0,39100000.0,253.0,255.0,14.0,14.1,90.0,24.0,0.0,105.0,60.0,961000.0,306000.0,1080000.0,475000.0,956000.0,555000000000.0,,,,,,,,60.0,IS_808_2021,4,17,"SI columns authoritative (mm, mm2, mm3, mm4, mm6); inch columns derived",ok,
WPB260X260X92.99,WPB260X260X92.99,WPB 260 X 260 X 92.99,WPB,18.29,357.9739,123.2487,3.027162,78.1104,36.7363,69.5671,24.0434,4.4094,2.5906,10.2362,0.3937,10.2362,0.68898,2804.0947,2.907,9.5472,92.99,92.99,11800.0,149000000.0,51300000.0,260.0,260.0,10.0,17.5,90.0,24.0,0.0,112.0,65.8,1140000.0,394000.0,1280000.0,602000.0,1260000.0,753000000000.0,,,,,,,,65.8,IS_808_2021,4,17,"SI columns authoritative (mm, mm2, mm3, mm4, mm6); inch columns derived",ok,
WPB250X250X97.04,WPB250X250X97.04,WPB 250 X 250 X 97.04,WPB,19.065,360.3764,118.4437,3.363513,79.3309,36.065,70.1773,23.4941,4.3307,2.4843,10.2362,0.5,10.0787,0.69291,2688.6539,2.8357,9.5433,97.04,97.04,12300.0,150000000.0,49300000.0,260.0,256.0,12.7,17.6,90.0,24.0,0.0,110.0,63.1,1150000.0,385000.0,1300000.0,591000.0,1400000.0,722000000000.0,,,,,,,,63.1,IS_808_2021,4,17,"SI columns authoritative (mm, mm2, mm3, mm4, mm6); inch columns derived",ok,
WPB280X280X61.26,WPB280X280X61.26,WPB 280 X 280 X 61.26,WPB,12.09,252.2635,87.9319,0.852891,53.2737,24.3485,48.758,15.9272,4.5669,2.6969,10.3937,0.27559,11.0236,0.3937,2197.0994,3.0025,10.0,61.26,61.26,7800.0,105000000.0,36600000.0,264.0,280.0,7.0,10.0,90.0,24.0,0.0,116.0,68.5,799000.0,261000.0,873000.0,399000.0,355000.0,590000000000.0,,,,,,,,68.5,IS_808_2021,4,17,"SI columns authoritative (mm, mm2, mm3, mm4, mm6); inch columns derived",ok,
WPB250X250X103.97,WPB250X250X103.97,WPB 250 X 250 X 103.97,WPB,20.46,401.2191,133.3393,4.180367,87.264,40.2757,77.5002,26.3623,4.4094,2.5472,10.3937,0.4685,10.1181,0.77165,3083.387,2.8764,9.622,103.97,103.97,13200.0,167000000.0,55500000.0,264.0,257.0,11.9,19.6,90.0,24.0,0.0,112.0,64.7,1270000.0,432000.0,1430000.0,660000.0,1740000.0,828000000000.0,,,,,,,,64.7,IS_808_2021,4,17,"SI columns authoritative (mm, mm2, mm3, mm4, mm6); inch columns derived",ok,
WPB260X260X114.4,WPB260X260X114.4,WPB 260 X 260 X 114.4,WPB,22.475,454.0743,154.9619,5.381622,97.0278,45.8899,86.0435,30.0237,4.4488,2.6181,10.5512,0.49213,10.315,0.84646,3641.9716,2.9548,9.7047,114.4,114.4,14500.0,189000000.0,64500000.0,268.0,262.0,12.5,21.5,90.0,24.0,0.0,113.0,66.5,1410000.0,492000.0,1590000.0,752000.0,2240000.0,978000000000.0,,,,,,,,66.5,IS_808_2021,4,17,"SI columns authoritative (mm, mm2, mm3, mm4, mm6); inch columns derived",ok,
WPB250X250X117.58,WPB250X250X117.58,WPB 250 X 250 X 117.58,WPB,23.095,463.6844,154.0009,5.862123,99.4687,46.195,87.264,30.2068,4.4488,2.5748,10.5906,0.5315,10.1969,0.87008,3630.7999,2.9273,9.7205,117.58,117.58,14900.0,193000000.0,64100000.0,269.0,259.0,13.5,22.1,90.0,24.0,0.0,113.0,65.4,1430000.0,495000.0,1630000.0,757000.0,2440000.0,975000000000.0,,,,,,,,65.4,IS_808_2021,4,17,"SI columns authoritative (mm, mm2, mm3, mm4, mm6); inch columns derived",ok,
WPB280X280X76.36,WPB280X280X76.36,WPB 280 X 280 X 76.36,WPB,15.066,326.7413,114.3595,1.525594,67.7364,31.6103,61.634,20.7481,4.6457,2.752,10.6299,0.31496,11.0236,0.51181,2923.2594,3.0628,10.1181,76.36,76.36,9720.0,136000000.0,47600000.0,270.0,280.0,8.0,13.0,90.0,24.0,0.0,118.0,69.9,1010000.0,340000.0,1110000.0,518000.0,635000.0,785000000000.0,,,,,,,,69.9,IS_808_2021,4,17,"SI columns authoritative (mm, mm2, mm3, mm4, mm6); inch columns derived",ok,
WPB240X240X156.68,WPB240X240X156.68,WPB 240 X 240 X 156.68,WPB,30.8451,581.4073,195.8045,15.03971,128.7601,61.0237,109.2325,40.0926,4.3307,2.5157,10.6299,0.70866,9.7638,1.25984,4282.4819,2.8954,9.3701,156.68,156.68,19900.0,242000000.0,81500000.0,270.0,248.0,18.0,32.0,90.0,21.0,0.0,110.0,63.9,1790000.0,657000.0,2110000.0,1000000.0,6260000.0,1150000000000.0,,,,,,,,63.9,IS_808_2021,4,17,"SI columns authoritative (mm, mm2, mm3, mm4, mm6); inch columns derived",ok,
WPB250X250X133.92,WPB250X250X133.92,WPB 250 X 250 X 133.92,WPB,26.3501,540.5647,178.987,8.432809,114.7246,53.3348,100.0789,34.8446,4.4882,2.6024,10.8268,0.6063,10.2756,0.98819,4319.7209,2.9641,9.8386,133.92,133.92,17000.0,225000000.0,74500000.0,275.0,261.0,15.4,25.1,90.0,24.0,0.0,114.0,66.1,1640000.0,571000.0,1880000.0,874000.0,3510000.0,1160000000000.0,,,,,,,,66.1,IS_808_2021,4,17,"SI columns authoritative (mm, mm2, mm3, mm4, mm6); inch columns derived",ok,
WPB260X260X141.52,WPB260X260X141.52,WPB 260 X 260 X 141.52,WPB,27.9001,583.8098,197.7265,9.778214,122.6577,57.9726,106.7916,37.8957,4.5669,2.6575,10.9449,0.61024,10.4331,1.04331,4803.8276,3.021,9.9016,141.52,141.52,18000.0,243000000.0,82300000.0,278.0,265.0,15.5,26.5,90.0,24.0,0.0,116.0,67.5,1750000.0,621000.0,2010000.0,950000.0,4070000.0,1290000000000.0,,,,,,,,67.5,IS_808_2021,4,17,"SI columns authoritative (mm, mm2, mm3, mm4, mm6); inch columns derived",ok,
WPB250X250X148.38,WPB250X250X148.38,WPB 250 X 250 X 148.38,WPB,29.2951,610.2374,201.3303,11.195695,128.1499,59.6812,110.453,38.8721,4.5276,2.622,11.0236,0.6811,10.3543,1.08661,4952.7835,3.0068,9.937,148.38,148.38,18900.0,254000000.0,83800000.0,280.0,263.0,17.3,27.6,90.0,24.0,0.0,115.0,66.6,1810000.0,637000.0,2100000.0,978000.0,4660000.0,1330000000000.0,,,,,,,,66.6,IS_808_2021,4,17,"SI columns authoritative (mm, mm2, mm3, mm4, mm6); inch columns derived",ok,
WPB300X300X69.8,WPB300X300X69.8,WPB 300 X 300 X 69.8,WPB,13.7795,331.5463,113.6387,1.1484,64.6852,29.4134,59.4982,19.2225,4.8819,2.8701,11.1417,0.29528,11.811,0.41339,3265.858,3.1998,10.7283,69.8,69.8,8890.0,138000000.0,47300000.0,283.0,300.0,7.5,10.5,90.0,27.0,0.0,124.0,72.9,975000.0,315000.0,1060000.0,482000.0,478000.0,877000000000.0,,,,,,,,72.9,IS_808_2021,4,17,"SI columns authoritative (mm, mm2, mm3, mm4, mm6); inch columns derived",ok,
WPB300X300X88.34,WPB300X300X88.34,WPB 300 X 300 X 88.34,WPB,17.36,437.2567,151.3581,2.109403,84.2128,39.1162,76.2797,25.63,5.0,2.9449,11.4173,0.33465,11.811,0.55118,4431.4378,3.2767,10.8661,88.34,88.34,11200.0,182000000.0,63000000.0,290.0,300.0,8.5,14.0,90.0,27.0,0.0,127.0,74.8,1250000.0,420000.0,1380000.0,641000.0,878000.0,1190000000000.0,,,,,,,,74.8,IS_808_2021,4,17,"SI columns authoritative (mm, mm2, mm3, mm4, mm6); inch columns derived",ok,
WPB260X260X172.43,WPB260X260X172.43,WPB 260 X 260 X 172.43,WPB,33.9451,751.9855,249.861,17.298069,153.7798,72.6183,131.201,47.5375,4.685,2.7126,11.4173,0.70866,10.5512,1.27953,6405.1034,3.1052,10.1378,172.43,172.43,21900.0,313000000.0,104000000.0,290.0,268.0,18.0,32.5,90.0,24.0,0.0,119.0,68.9,2150000.0,779000.0,2520000.0,1190000.0,7200000.0,1720000000000.0,,,,,,,,68.9,IS_808_2021,4,17,"SI columns authoritative (mm, mm2, mm3, mm4, mm6); inch columns derived",ok,
WPB300X300X100.85,WPB300X300X100.85,WPB 300 X 300 X 100.85,WPB,19.84,504.527,173.2209,2.979112,96.4175,44.7304,87.264,29.2914,5.0394,2.9488,11.5748,0.3937,11.811,0.62992,5176.2173,3.2941,10.9449,100.85,100.85,12800.0,210000000.0,72100000.0,294.0,300.0,10.0,16.0,90.0,27.0,0.0,128.0,74.9,1430000.0,480000.0,1580000.0,733000.0,1240000.0,1390000000000.0,,,,,,,,74.9,IS_808_2021,4,17,"SI columns authoritative (mm, mm2, mm3, mm4, mm6); inch columns derived",ok,
WPB300X300X117.03,WPB300X300X117.03,WPB 300 X 300 X 117.03,WPB,23.095,603.0299,205.6548,4.540743,113.5042,53.0907,101.9097,34.7835,5.0787,2.9803,11.811,0.43307,11.811,0.74803,6256.1475,3.3362,11.063,117.03,117.03,14900.0,251000000.0,85600000.0,300.0,300.0,11.0,19.0,90.0,27.0,0.0,129.0,75.7,1670000.0,570000.0,1860000.0,870000.0,1890000.0,1680000000000.0,,,,,,,,75.7,IS_808_2021,4,17,"SI columns authoritative (mm, mm2, mm3, mm4, mm6); inch columns derived",ok,
WPB320X300X74.25,WPB320X300X74.25,WPB 320 X 300 X 74.25,WPB,14.6475,394.0116,118.9242,1.287745,72.6183,30.817,66.5159,20.1378,5.1575,2.8504,11.8504,0.31496,11.811,0.43307,3872.8532,3.1942,11.4173,74.25,74.25,9450.0,164000000.0,49500000.0,301.0,300.0,8.0,11.0,90.0,27.0,0.0,131.0,72.4,1090000.0,330000.0,1190000.0,505000.0,536000.0,1040000000000.0,,,,,,,,72.4,IS_808_2021,4,18,"SI columns authoritative (mm, mm2, mm3, mm4, mm6); inch columns derived",ok,
WPB320X300X97.64,WPB320X300X97.64,WPB 320 X 300 X 97.64,WPB,19.22,550.1747,167.6952,2.666786,98.8585,43.2658,89.7049,28.376,5.315,2.9488,12.2047,0.35433,11.811,0.61024,5623.085,3.2902,11.5945,97.64,97.64,12400.0,229000000.0,69800000.0,310.0,300.0,9.0,15.5,90.0,27.0,0.0,135.0,74.9,1470000.0,465000.0,1620000.0,709000.0,1110000.0,1510000000000.0,,,,,,,,74.9,IS_808_2021,4,18,"SI columns authoritative (mm, mm2, mm3, mm4, mm6); inch columns derived",ok,
WPB280X280X188.54,WPB280X280X188.54,WPB 280 X 280 X 188.54,WPB,37.2001,948.9913,314.7288,19.388253,180.6303,84.823,155.6105,55.7757,5.0394,2.9134,12.2047,0.72835,11.3386,1.29921,9384.2213,3.3233,10.9055,188.54,188.54,24000.0,395000000.0,131000000.0,310.0,288.0,18.5,33.0,90.0,24.0,0.0,128.0,74.0,2550000.0,914000.0,2960000.0,1390000.0,8070000.0,2520000000000.0,,,,,,,,74.0,IS_808_2021,4,17,"SI columns authoritative (mm, mm2, mm3, mm4, mm6); inch columns derived",ok,
WPB340X300X78.9,WPB340X300X78.9,WPB 340 X 300 X 78.9,WPB,15.5,468.4894,124.45,1.443908,81.7718,32.2816,74.449,21.0532,5.4724,2.8268,12.5984,0.33465,11.811,0.45276,4580.3937,3.1845,12.1457,78.9,78.9,10000.0,195000000.0,51800000.0,320.0,300.0,8.5,11.5,90.0,27.0,0.0,139.0,71.8,1220000.0,345000.0,1340000.0,529000.0,601000.0,1230000000000.0,,,,,,,,71.8,IS_808_2021,4,18,"SI columns authoritative (mm, mm2, mm3, mm4, mm6); inch columns derived",ok,
WPB320X300X126.66,WPB320X300X126.66,WPB 320 X 300 X 126.66,WPB,24.955,739.973,221.7516,5.525772,130.5908,57.3013,117.1656,37.5296,5.4331,2.9764,12.5984,0.45276,11.811,0.80709,7671.2285,3.3364,11.7913,126.66,126.66,16100.0,308000000.0,92300000.0,320.0,300.0,11.5,20.5,90.0,27.0,0.0,138.0,75.6,1920000.0,615000.0,2140000.0,939000.0,2300000.0,2060000000000.0,,,,,,,,75.6,IS_808_2021,4,18,"SI columns authoritative (mm, mm2, mm3, mm4, mm6); inch columns derived",ok,
WPB340X300X104.78,WPB340X300X104.78,WPB 340 X 300 X 104.78,WPB,20.615,663.0927,178.5065,3.147288,112.8939,46.0729,101.9097,30.2068,5.6693,2.937,12.9921,0.37402,11.811,0.64961,6777.4932,3.2853,12.3425,104.78,104.78,13300.0,276000000.0,74300000.0,330.0,300.0,9.5,16.5,90.0,27.0,0.0,144.0,74.6,1670000.0,495000.0,1850000.0,755000.0,1310000.0,1820000000000.0,,,,,,,,74.6,IS_808_2021,4,18,"SI columns authoritative (mm, mm2, mm3, mm4, mm6); inch columns derived",ok,
WPB360X300X91.04,WPB360X300X91.04,WPB 360 X 300 X 91.04,WPB,16.43,552.5772,129.9758,1.614486,90.9254,33.6851,82.3821,21.9685,5.7874,2.8031,13.3465,0.35433,11.811,0.47244,5362.4122,3.1834,12.874,83.21,91.04,10600.0,230000000.0,54100000.0,339.0,300.0,9.0,12.0,90.0,27.0,0.0,147.0,71.2,1350000.0,360000.0,1490000.0,552000.0,672000.0,1440000000000.0,,,,,,,,71.2,IS_808_2021,4,18,"SI columns authoritative (mm, mm2, mm3, mm4, mm6); inch columns derived",ok,"printed mass 91.04 kg/m disagrees with 0.00785A=83.21; A corroborated by Izz/rz, Iyy/ry and Ze -> Mass_kg_m=83.21 (designation label keeps the printed mass)"
WPB340X300X134.16,WPB340X300X134.16,WPB 340 X 300 X 134.16,WPB,26.3501,879.3185,232.5629,6.294575,146.457,60.1084,131.201,39.3603,5.748,2.9646,13.3858,0.47244,11.811,0.84646,9123.5485,3.332,12.5394,134.16,134.16,17000.0,366000000.0,96800000.0,340.0,300.0,12.0,21.5,90.0,27.0,0.0,146.0,75.3,2150000.0,645000.0,2400000.0,985000.0,2620000.0,2450000000000.0,,,,,,,,75.3,IS_808_2021,4,18,"SI columns authoritative (mm, mm2, mm3, mm4, mm6); inch columns derived",ok,
WPB300X300X237.92,WPB300X300X237.92,WPB 300 X 300 X 237.92,WPB,46.9651,1422.2857,466.0869,33.875386,248.3666,116.5554,212.3626,76.2797,5.4724,3.1496,13.3858,0.82677,12.2047,1.53543,16310.6704,3.6033,11.8504,237.92,237.92,30300.0,592000000.0,194000000.0,340.0,310.0,21.0,39.0,90.0,27.0,0.0,139.0,80.0,3480000.0,1250000.0,4070000.0,1910000.0,14100000.0,4380000000000.0,,,,,,,,80.0,IS_808_2021,4,18,"SI columns authoritative (mm, mm2, mm3, mm4, mm6); inch columns derived",ok,
WPB360X300X125.81,WPB360X300X125.81,WPB 360 X 300 X 125.81,WPB,22.01,792.8282,189.3178,3.67584,126.9294,48.941,115.3349,32.0375,5.9843,2.9252,13.7795,0.3937,11.811,0.68898,8080.8572,3.2748,13.0906,111.47,125.81,14200.0,330000000.0,78800000.0,350.0,300.0,10.0,17.5,90.0,27.0,0.0,152.0,74.3,1890000.0,525000.0,2080000.0,802000.0,1530000.0,2170000000000.0,,,,,,,,74.3,IS_808_2021,4,18,"SI columns authoritative (mm, mm2, mm3, mm4, mm6); inch columns derived",ok,"printed mass 125.81 kg/m disagrees with 0.00785A=111.47; A corroborated by Izz/rz, Iyy/ry and Ze -> Mass_kg_m=111.47 (designation label keeps the printed mass)"
WPB360X370X136.21,WPB360X370X136.21,WPB 360 X 370 X 136.21,WPB,26.8151,1011.4565,357.9739,4.612818,158.6617,74.449,144.016,49.3072,6.1024,3.6496,14.0157,0.44094,14.5276,0.70079,15863.8027,4.0678,13.315,136.21,136.21,17300.0,421000000.0,149000000.0,356.0,369.0,11.2,17.8,90.0,27.0,0.0,155.0,92.7,2360000.0,808000.0,2600000.0,1220000.0,1920000.0,4260000000000.0,,,,,,,,92.7,IS_808_2021,4,18,"SI columns authoritative (mm, mm2, mm3, mm4, mm6); inch columns derived",ok,
WPB320X300X244.97,WPB320X300X244.97,WPB 320 X 300 X 244.97,WPB,48.3601,1636.109,473.2944,36.037644,270.3352,118.9963,231.28,77.5002,5.7874,3.126,14.1339,0.82677,12.1654,1.5748,18619.4867,3.5827,12.5591,244.97,244.97,31200.0,681000000.0,197000000.0,359.0,309.0,21.0,40.0,90.0,27.0,0.0,147.0,79.4,3790000.0,1270000.0,4430000.0,1950000.0,15000000.0,5000000000000.0,,,,,,,,79.4,IS_808_2021,4,18,"SI columns authoritative (mm, mm2, mm3, mm4, mm6); inch columns derived",ok,
WPB360X370X150.87,WPB360X370X150.87,WPB 360 X 370 X 150.87,WPB,29.7601,1136.387,401.2191,6.150425,176.9689,83.6025,159.8822,55.1655,6.1417,3.6732,14.1732,0.48425,14.5669,0.77953,17986.4242,4.099,13.3937,150.87,150.87,19200.0,473000000.0,167000000.0,360.0,370.0,12.3,19.8,90.0,27.0,0.0,156.0,93.3,2620000.0,904000.0,2900000.0,1370000.0,2560000.0,4830000000000.0,,,,,,,,93.3,IS_808_2021,4,18,"SI columns authoritative (mm, mm2, mm3, mm4, mm6); inch columns derived",ok,
WPB360X300X163,WPB360X300X163,WPB 360 X 300 X 163.0,WPB,27.9001,1035.4816,242.6535,7.159479,163.5436,62.8545,145.8467,41.2521,6.063,2.9488,14.1732,0.49213,11.811,0.88583,10724.8243,3.3258,13.2874,141.3,163.0,18000.0,431000000.0,101000000.0,360.0,300.0,12.5,22.5,90.0,27.0,0.0,154.0,74.9,2390000.0,676000.0,2680000.0,1030000.0,2980000.0,2880000000000.0,,,,,,,,74.9,IS_808_2021,4,18,"SI columns authoritative (mm, mm2, mm3, mm4, mm6); inch columns derived",ok,"printed mass 163 kg/m disagrees with 0.00785A=141.3; A corroborated by Izz/rz, Iyy/ry and Ze -> Mass_kg_m=141.3 (designation label keeps the printed mass)"
WPB360X370X165.35,WPB360X370X165.35,WPB 360 X 370 X 165.35,WPB,32.5501,1261.3175,444.4643,8.000357,195.276,92.7561,175.7484,61.0237,6.1811,3.6969,14.3307,0.52362,14.6063,0.85827,20220.7626,4.1301,13.4724,165.35,165.35,21000.0,525000000.0,185000000.0,364.0,371.0,13.3,21.8,90.0,27.0,0.0,157.0,93.9,2880000.0,1000000.0,3200000.0,1520000.0,3330000.0,5430000000000.0,,,,,,,,93.9,IS_808_2021,4,18,"SI columns authoritative (mm, mm2, mm3, mm4, mm6); inch columns derived",ok,
WPB360X370X182.02,WPB360X370X182.02,WPB 360 X 370 X 182.02,WPB,35.8051,1398.2606,494.917,10.378842,215.4138,102.5199,192.835,67.1261,6.2205,3.7087,14.4882,0.59055,14.685,0.93701,22678.5348,4.1682,13.5512,182.02,182.02,23100.0,582000000.0,206000000.0,368.0,373.0,15.0,23.8,90.0,27.0,0.0,158.0,94.2,3160000.0,1100000.0,3530000.0,1680000.0,4320000.0,6090000000000.0,,,,,,,,94.2,IS_808_2021,4,18,"SI columns authoritative (mm, mm2, mm3, mm4, mm6); inch columns derived",ok,
WPB400X400X191.11,WPB400X400X191.11,WPB 400 X 400 X 191.11,WPB,37.6651,1477.5434,579.0048,11.21972,227.6186,114.1144,203.8193,75.0592,6.2598,3.9173,14.4882,0.59055,15.3937,0.95276,26514.1491,4.3845,13.5354,191.11,191.11,24300.0,615000000.0,241000000.0,368.0,391.0,15.0,24.2,90.0,27.0,0.0,159.0,99.5,3340000.0,1230000.0,3730000.0,1870000.0,4670000.0,7120000000000.0,,,,,,,,99.5,IS_808_2021,4,18,"SI columns authoritative (mm, mm2, mm3, mm4, mm6); inch columns derived",ok,
WPB360X370X197.66,WPB360X370X197.66,WPB 360 X 370 X 197.66,WPB,38.9051,1535.2036,540.5647,13.117702,234.9414,111.6735,209.3114,73.2285,6.2598,3.7205,14.6457,0.64567,14.7244,1.01575,25099.0681,4.195,13.6299,197.66,197.66,25100.0,639000000.0,225000000.0,372.0,374.0,16.4,25.8,90.0,27.0,0.0,159.0,94.5,3430000.0,1200000.0,3850000.0,1830000.0,5460000.0,6740000000000.0,,,,,,,,94.5,IS_808_2021,4,18,"SI columns authoritative (mm, mm2, mm3, mm4, mm6); inch columns derived",ok,
WPB400X400X219.67,WPB400X400X219.67,WPB 400 X 400 X 219.67,WPB,43.2451,1732.2094,677.5077,16.601341,263.6226,133.0318,234.3312,87.264,6.2992,3.937,14.7638,0.6811,15.5118,1.09055,31690.3664,4.4468,13.6732,219.67,219.67,27900.0,721000000.0,282000000.0,375.0,394.0,17.3,27.7,90.0,27.0,0.0,160.0,100.0,3840000.0,1430000.0,4320000.0,2180000.0,6910000.0,8510000000000.0,,,,,,,,100.0,IS_808_2021,4,18,"SI columns authoritative (mm, mm2, mm3, mm4, mm6); inch columns derived",ok,
WPB340X300X290.64,WPB340X300X290.64,WPB 340 X 300 X 290.64,WPB,48.8251,1833.1148,473.2944,36.277895,287.4218,118.9963,247.1462,77.5002,6.1024,3.1102,14.8425,0.82677,12.1654,1.5748,20779.3472,3.5622,13.2677,247.27,290.64,31500.0,763000000.0,197000000.0,377.0,309.0,21.0,40.0,90.0,27.0,0.0,155.0,79.0,4050000.0,1270000.0,4710000.0,1950000.0,15100000.0,5580000000000.0,,,,,,,,79.0,IS_808_2021,4,18,"SI columns authoritative (mm, mm2, mm3, mm4, mm6); inch columns derived",ok,"printed mass 290.64 kg/m disagrees with 0.00785A=247.27; A corroborated by Izz/rz, Iyy/ry and Ze -> Mass_kg_m=247.27 (designation label keeps the printed mass)"
WPB400X300X92.4,WPB400X300X92.4,WPB 400 X 300 X 92.4,WPB,18.135,749.583,140.7871,1.955643,111.0632,36.5532,100.6892,23.7993,6.378,2.7756,14.8819,0.37402,11.811,0.51181,7224.3608,3.1648,14.3701,92.4,92.4,11700.0,312000000.0,58600000.0,378.0,300.0,9.5,13.0,90.0,27.0,0.0,162.0,70.5,1650000.0,390000.0,1820000.0,599000.0,814000.0,1940000000000.0,,,,,,,,70.5,IS_808_2021,4,18,"SI columns authoritative (mm, mm2, mm3, mm4, mm6); inch columns derived",ok,
WPB400X400X239.62,WPB400X400X239.62,WPB 400 X 400 X 239.62,WPB,47.2751,1914.8002,744.778,21.31026,289.8628,145.8467,255.6895,95.8073,6.3386,3.937,14.9606,0.74409,15.5512,1.18898,35302.5468,4.4782,13.7717,239.62,239.62,30500.0,797000000.0,310000000.0,380.0,395.0,18.9,30.2,90.0,27.0,0.0,161.0,100.0,4190000.0,1570000.0,4750000.0,2390000.0,8870000.0,9480000000000.0,,,,,,,,100.0,IS_808_2021,4,19,"SI columns authoritative (mm, mm2, mm3, mm4, mm6); inch columns derived",ok,
WPB400X300X124.81,WPB400X300X124.81,WPB 400 X 300 X 124.81,WPB,24.49,1081.1293,205.6548,4.636844,156.2208,53.2127,140.9648,34.7835,6.6142,2.8858,15.3543,0.43307,11.811,0.74803,10948.2582,3.2626,14.6063,124.81,124.81,15800.0,450000000.0,85600000.0,390.0,300.0,11.0,19.0,90.0,27.0,0.0,168.0,73.3,2310000.0,570000.0,2560000.0,872000.0,1930000.0,2940000000000.0,,,,,,,,73.3,IS_808_2021,4,18,"SI columns authoritative (mm, mm2, mm3, mm4, mm6); inch columns derived",ok,
WPB360X300X250.27,WPB360X300X250.27,WPB 360 X 300 X 250.27,WPB,49.2901,2037.3281,468.4894,36.277895,303.8982,118.3861,261.7919,76.8899,6.4173,3.0787,15.5512,0.82677,12.126,1.5748,22827.4907,3.5344,13.9764,250.27,250.27,31800.0,848000000.0,195000000.0,395.0,308.0,21.0,40.0,90.0,27.0,0.0,163.0,78.2,4290000.0,1260000.0,4980000.0,1940000.0,15100000.0,6130000000000.0,,,,,,,,78.2,IS_808_2021,4,18,"SI columns authoritative (mm, mm2, mm3, mm4, mm6); inch columns derived",ok,
WPB400X300X155.26,WPB400X300X155.26,WPB 400 X 300 X 155.26,WPB,30.5351,1383.8455,259.471,8.67306,197.1067,67.1261,175.7484,43.9981,6.6929,2.9094,15.748,0.5315,11.811,0.94488,14188.0489,3.3041,14.8031,155.26,155.26,19700.0,576000000.0,108000000.0,400.0,300.0,13.5,24.0,90.0,27.0,0.0,170.0,73.9,2880000.0,721000.0,3230000.0,1100000.0,3610000.0,3810000000000.0,,,,,,,,73.9,IS_808_2021,4,18,"SI columns authoritative (mm, mm2, mm3, mm4, mm6); inch columns derived",ok,
WPB450X300X99.75,WPB450X300X99.75,WPB 450 X 300 X 99.75,WPB,19.685,1004.249,146.0726,2.195894,133.0318,38.0788,120.2168,24.7146,7.126,2.7244,16.7323,0.3937,11.811,0.5315,9570.4162,3.1361,16.2008,99.75,99.75,12700.0,418000000.0,60800000.0,425.0,300.0,10.0,13.5,90.0,27.0,0.0,181.0,69.2,1970000.0,405000.0,2180000.0,624000.0,914000.0,2570000000000.0,,,,,,,,69.2,IS_808_2021,4,19,"SI columns authoritative (mm, mm2, mm3, mm4, mm6); inch columns derived",ok,
WPB400X300X255.74,WPB400X300X255.74,WPB 400 X 300 X 255.74,WPB,50.3751,2498.61,463.6844,36.518146,339.9023,117.7758,294.1344,76.2797,7.0079,3.0315,17.0079,0.82677,12.0866,1.5748,27594.0793,3.4873,15.4331,255.74,255.74,32500.0,1040000000.0,193000000.0,432.0,307.0,21.0,40.0,90.0,27.0,0.0,178.0,77.0,4820000.0,1250000.0,5570000.0,1930000.0,15200000.0,7410000000000.0,,,,,,,,77.0,IS_808_2021,4,18,"SI columns authoritative (mm, mm2, mm3, mm4, mm6); inch columns derived",ok,
WPB450X300X139.76,WPB450X300X139.76,WPB 450 X 300 X 139.76,WPB,27.5901,1530.3986,227.2774,6.006274,195.8862,58.8879,176.3586,38.506,7.4409,2.8701,17.3228,0.45276,11.811,0.82677,15416.935,3.2579,16.4961,139.76,139.76,17800.0,637000000.0,94600000.0,440.0,300.0,11.5,21.0,90.0,27.0,0.0,189.0,72.9,2890000.0,631000.0,3210000.0,965000.0,2500000.0,4140000000000.0,,,,,,,,72.9,IS_808_2021,4,19,"SI columns authoritative (mm, mm2, mm3, mm4, mm6); inch columns derived",ok,
WPB450X300X171.12,WPB450X300X171.12,WPB 450 X 300 X 171.12,WPB,33.6351,1917.2027,281.0936,10.763243,242.8745,72.6183,216.6343,47.6595,7.5197,2.8858,17.7165,0.55118,11.811,1.02362,19550.4611,3.2896,16.6929,171.12,171.12,21700.0,798000000.0,117000000.0,450.0,300.0,14.0,26.0,90.0,27.0,0.0,191.0,73.3,3550000.0,781000.0,3980000.0,1190000.0,4480000.0,5250000000000.0,,,,,,,,73.3,IS_808_2021,4,19,"SI columns authoritative (mm, mm2, mm3, mm4, mm6); inch columns derived",ok,
WPB500X300X107.46,WPB500X300X107.46,WPB 500 X 300 X 107.46,WPB,21.08,1311.7702,151.5984,2.45056,156.831,39.6044,140.9648,25.63,7.8346,2.6732,18.5827,0.41339,11.811,0.55118,12288.8612,3.1117,18.0315,107.46,107.46,13600.0,546000000.0,63100000.0,472.0,300.0,10.5,14.0,90.0,27.0,0.0,199.0,67.9,2310000.0,420000.0,2570000.0,649000.0,1020000.0,3300000000000.0,,,,,,,,67.9,IS_808_2021,4,19,"SI columns authoritative (mm, mm2, mm3, mm4, mm6); inch columns derived",ok,
WPB450X300X263.33,WPB450X300X263.33,WPB 450 X 300 X 263.33,WPB,51.9251,3147.2876,463.6844,36.758397,386.2803,117.7758,335.6306,76.2797,7.7559,2.9882,18.8189,0.82677,12.0866,1.5748,34446.0504,3.4507,17.2441,263.33,263.33,33500.0,1310000000.0,193000000.0,478.0,307.0,21.0,40.0,90.0,27.0,0.0,197.0,75.9,5500000.0,1250000.0,6330000.0,1930000.0,15300000.0,9250000000000.0,,,,,,,,75.9,IS_808_2021,4,19,"SI columns authoritative (mm, mm2, mm3, mm4, mm6); inch columns derived",ok,
WPB500X300X129.78,WPB500X300X129.78,WPB 500 X 300 X 129.78,WPB,25.5751,1655.3291,194.8435,4.300492,194.6657,50.7718,175.1381,33.0138,8.0315,2.7559,18.8976,0.45276,11.811,0.70866,16087.2365,3.1794,18.189,129.78,129.78,16500.0,689000000.0,81100000.0,480.0,300.0,11.5,18.0,90.0,27.0,0.0,204.0,70.0,2870000.0,541000.0,3190000.0,832000.0,1790000.0,4320000000000.0,,,,,,,,70.0,IS_808_2021,4,19,"SI columns authoritative (mm, mm2, mm3, mm4, mm6); inch columns derived",ok,
WPB500X300X155.08,WPB500X300X155.08,WPB 500 X 300 X 155.08,WPB,30.5351,2087.7809,247.4585,7.615955,240.4336,64.0749,216.0241,42.1674,8.2283,2.8504,19.2913,0.47244,11.811,0.90551,21002.781,3.2486,18.3858,155.08,155.08,19700.0,869000000.0,103000000.0,490.0,300.0,12.0,23.0,90.0,27.0,0.0,209.0,72.4,3540000.0,691000.0,3940000.0,1050000.0,3170000.0,5640000000000.0,,,,,,,,72.4,IS_808_2021,4,19,"SI columns authoritative (mm, mm2, mm3, mm4, mm6); inch columns derived",ok,
WPB500X300X187.34,WPB500X300X187.34,WPB 500 X 300 X 187.34,WPB,36.8901,2570.6853,302.7162,13.165753,293.5242,78.7206,261.1816,51.321,8.3071,2.8622,19.685,0.57087,11.811,1.10236,26104.5204,3.2807,18.5827,187.34,187.34,23800.0,1070000000.0,126000000.0,500.0,300.0,14.5,28.0,90.0,27.0,0.0,211.0,72.7,4280000.0,841000.0,4810000.0,1290000.0,5480000.0,7010000000000.0,,,,,,,,72.7,IS_808_2021,4,19,"SI columns authoritative (mm, mm2, mm3, mm4, mm6); inch columns derived",ok,printed '7.2.7' (double decimal point) read as 72.7
WPB550X300X119.99,WPB550X300X119.99,WPB 550 X 300 X 119.99,WPB,23.56,1749.027,162.4096,3.027162,190.3941,42.5946,170.2562,27.5217,8.5827,2.6181,20.5512,0.45276,11.811,0.59055,16124.4755,3.083,19.9606,119.99,119.99,15200.0,728000000.0,67600000.0,522.0,300.0,11.5,15.0,90.0,27.0,0.0,218.0,66.5,2790000.0,451000.0,3120000.0,698000.0,1260000.0,4330000000000.0,,,,,,,,66.5,IS_808_2021,4,19,"SI columns authoritative (mm, mm2, mm3, mm4, mm6); inch columns derived",ok,
WPB500X300X270.28,WPB500X300X270.28,WPB 500 X 300 X 270.28,WPB,53.3201,3868.0405,458.8793,36.998648,432.6583,117.7758,377.1267,76.2797,8.5039,2.9331,20.6299,0.82677,12.0472,1.5748,41335.2605,3.3983,19.0551,270.28,270.28,34400.0,1610000000.0,191000000.0,524.0,306.0,21.0,40.0,90.0,27.0,0.0,216.0,74.5,6180000.0,1250000.0,7090000.0,1930000.0,15400000.0,11100000000000.0,,,,,,,,74.5,IS_808_2021,4,19,"SI columns authoritative (mm, mm2, mm3, mm4, mm6); inch columns derived",ok,
WPB550X300X166.24,WPB550X300X166.24,WPB 550 X 300 X 166.24,WPB,32.7051,2666.7857,259.471,8.649035,281.9297,67.1261,252.6383,43.9981,9.0157,2.811,21.2598,0.49213,11.811,0.94488,26737.5829,3.2289,20.315,166.24,166.24,21100.0,1110000000.0,108000000.0,540.0,300.0,12.5,24.0,90.0,27.0,0.0,229.0,71.4,4140000.0,721000.0,4620000.0,1100000.0,3600000.0,7180000000000.0,,,,,,,,71.4,IS_808_2021,4,19,"SI columns authoritative (mm, mm2, mm3, mm4, mm6); inch columns derived",ok,
WPB550X300X199.44,WPB550X300X199.44,WPB 550 X 300 X 199.44,WPB,39.3701,3267.4131,312.3262,14.655309,341.1227,81.7718,303.288,53.1517,9.0945,2.8228,21.6535,0.59055,11.811,1.14173,32956.4915,3.2524,20.5118,199.44,199.44,25400.0,1360000000.0,130000000.0,550.0,300.0,15.0,29.0,90.0,27.0,0.0,231.0,71.7,4970000.0,871000.0,5590000.0,1340000.0,6100000.0,8850000000000.0,,,,,,,,71.7,IS_808_2021,4,19,"SI columns authoritative (mm, mm2, mm3, mm4, mm6); inch columns derived",ok,
WPB600X300X128.79,WPB600X300X128.79,WPB 600 X 300 X 128.79,WPB,25.4201,2205.5038,167.9354,3.387539,220.906,44.1812,195.8862,28.4371,9.2913,2.5669,22.4803,0.47244,11.811,0.61024,20034.5677,3.0601,21.8701,128.79,128.79,16400.0,918000000.0,69900000.0,571.0,300.0,12.0,15.5,90.0,27.0,0.0,236.0,65.2,3210000.0,466000.0,3620000.0,724000.0,1410000.0,5380000000000.0,,,,,,,,65.2,IS_808_2021,4,19,"SI columns authoritative (mm, mm2, mm3, mm4, mm6); inch columns derived",ok,
WPB550X300X278.19,WPB550X300X278.19,WPB 550 X 300 X 278.19,WPB,54.8701,4732.9439,458.8793,37.238899,483.9183,117.7758,422.2843,76.2797,9.2913,2.8937,22.5197,0.82677,12.0472,1.5748,50272.6141,3.3725,20.9449,278.19,278.19,35400.0,1970000000.0,191000000.0,572.0,306.0,21.0,40.0,90.0,27.0,0.0,236.0,73.5,6920000.0,1250000.0,7930000.0,1930000.0,15500000.0,13500000000000.0,,,,,,,,73.5,IS_808_2021,4,19,"SI columns authoritative (mm, mm2, mm3, mm4, mm6); inch columns derived",ok,
WPB600X300X177.78,WPB600X300X177.78,WPB 600 X 300 X 177.78,WPB,35.0301,3387.5386,269.0811,9.778214,326.477,70.1773,291.6935,45.8288,9.8031,2.7756,23.2283,0.51181,11.811,0.98425,33403.3592,3.2059,22.2441,177.78,177.78,22600.0,1410000000.0,112000000.0,590.0,300.0,13.0,25.0,90.0,27.0,0.0,249.0,70.5,4780000.0,751000.0,5350000.0,1150000.0,4070000.0,8970000000000.0,,,,,,,,70.5,IS_808_2021,4,19,"SI columns authoritative (mm, mm2, mm3, mm4, mm6); inch columns derived",ok,
WPB600X300X211.92,WPB600X300X211.92,WPB 600 X 300 X 211.92,WPB,41.6951,4108.2914,324.3388,16.26499,391.7724,84.823,347.8353,55.0434,9.8819,2.7874,23.622,0.61024,11.811,1.1811,40590.481,3.2298,22.4409,211.92,211.92,26900.0,1710000000.0,135000000.0,600.0,300.0,15.5,30.0,90.0,27.0,0.0,251.0,70.8,5700000.0,902000.0,6420000.0,1390000.0,6770000.0,10900000000000.0,,,,,,,,70.8,IS_808_2021,4,19,"SI columns authoritative (mm, mm2, mm3, mm4, mm6); inch columns derived",ok,
WPB650X300X137.98,WPB650X300X137.98,WPB 650 X 300 X 137.98,WPB,27.1251,2714.8359,173.4612,3.795965,253.2485,45.7678,223.9571,29.3524,10.0,2.5236,24.4094,0.49213,11.811,0.62992,24428.7666,3.0318,23.7795,137.98,137.98,17500.0,1130000000.0,72200000.0,620.0,300.0,12.5,16.0,90.0,27.0,0.0,254.0,64.1,3670000.0,481000.0,4150000.0,750000.0,1580000.0,6560000000000.0,,,,,,,,64.1,IS_808_2021,4,19,"SI columns authoritative (mm, mm2, mm3, mm4, mm6); inch columns derived",ok,
WPB600X300X285.48,WPB600X300X285.48,WPB 600 X 300 X 285.48,WPB,56.2651,5693.9478,454.0743,37.47915,535.1782,117.7758,466.8316,75.6694,10.0394,2.8425,24.4094,0.82677,12.0079,1.5748,59209.9678,3.3327,22.8346,285.48,285.48,36300.0,2370000000.0,189000000.0,620.0,305.0,21.0,40.0,90.0,27.0,0.0,255.0,72.2,7650000.0,1240000.0,8770000.0,1930000.0,15600000.0,15900000000000.0,,,,,,,,72.2,IS_808_2021,4,19,"SI columns authoritative (mm, mm2, mm3, mm4, mm6); inch columns derived",ok,"ry_mm printed 722 disagrees with sqrt(I/A)=72.16 (A, I corroborated by mass/Ze) -> 72.2"
WPB650X300X189.69,WPB650X300X189.69,WPB 650 X 300 X 189.69,WPB,37.3551,4204.3918,281.0936,10.979469,374.0756,73.2285,333.7999,47.6595,10.5906,2.7402,25.1969,0.5315,11.811,1.02362,40962.8708,3.1884,24.1732,189.69,189.69,24100.0,1750000000.0,117000000.0,640.0,300.0,13.5,26.0,90.0,27.0,0.0,269.0,69.6,5470000.0,781000.0,6130000.0,1200000.0,4570000.0,11000000000000.0,,,,,,,,69.6,IS_808_2021,4,19,"SI columns authoritative (mm, mm2, mm3, mm4, mm6); inch columns derived",ok,
WPB650X300X224.78,WPB650X300X224.78,WPB 650 X 300 X 224.78,WPB,44.3301,5045.2702,333.9488,17.994797,446.0836,87.8742,395.4339,56.8741,10.6693,2.748,25.5906,0.62992,11.811,1.22047,49527.8347,3.207,24.3701,224.78,224.78,28600.0,2100000000.0,139000000.0,650.0,300.0,16.0,31.0,90.0,27.0,0.0,271.0,69.8,6480000.0,932000.0,7310000.0,1440000.0,7490000.0,13300000000000.0,,,,,,,,69.8,IS_808_2021,4,19,"SI columns authoritative (mm, mm2, mm3, mm4, mm6); inch columns derived",ok,printed '6.9.8' (double decimal point) read as 69.8
WPB650X300X293.39,WPB650X300X293.39,WPB 650 X 300 X 293.39,WPB,57.8151,6751.052,454.0743,37.959652,588.8791,117.7758,514.4302,75.6694,10.7874,2.8031,26.2992,0.82677,12.0079,1.5748,69264.4906,3.3018,24.7244,293.39,293.39,37300.0,2810000000.0,189000000.0,668.0,305.0,21.0,40.0,90.0,27.0,0.0,274.0,71.2,8430000.0,1240000.0,9650000.0,1930000.0,15800000.0,18600000000000.0,,,,,,,,71.2,IS_808_2021,4,19,"SI columns authoritative (mm, mm2, mm3, mm4, mm6); inch columns derived",ok,
WPB700X300X149.89,WPB700X300X149.89,WPB 700 X 300 X 149.89,WPB,29.4501,3411.5636,184.2725,4.468668,295.3549,48.758,259.9611,31.1831,10.748,2.4921,26.378,0.51181,11.811,0.66929,30349.7633,3.0161,25.7087,149.89,149.89,19000.0,1420000000.0,76700000.0,670.0,300.0,13.0,17.0,90.0,27.0,0.0,273.0,63.3,4260000.0,511000.0,4840000.0,799000.0,1860000.0,8150000000000.0,,,,,,,,63.3,IS_808_2021,4,19,"SI columns authoritative (mm, mm2, mm3, mm4, mm6); inch columns derived",ok,
WPB700X300X204.48,WPB700X300X204.48,WPB 700 X 300 X 204.48,WPB,40.3001,5165.3957,290.7037,12.517075,428.9969,76.2797,380.7882,49.4903,11.2992,2.689,27.1654,0.57087,11.811,1.06299,49527.8347,3.1567,26.1024,204.48,204.48,26000.0,2150000000.0,121000000.0,690.0,300.0,14.5,27.0,90.0,27.0,0.0,287.0,68.3,6240000.0,811000.0,7030000.0,1250000.0,5210000.0,13300000000000.0,,,,,,,,68.3,IS_808_2021,4,19,"SI columns authoritative (mm, mm2, mm3, mm4, mm6); inch columns derived",ok,
WPB700X300X240.51,WPB700X300X240.51,WPB 700 X 300 X 240.51,WPB,47.4301,6150.4246,345.9614,20.157056,507.7176,90.9254,447.304,58.7048,11.378,2.7008,27.5591,0.66929,11.811,1.25984,59582.3575,3.1859,26.2992,240.51,240.51,30600.0,2560000000.0,144000000.0,700.0,300.0,17.0,32.0,90.0,27.0,0.0,289.0,68.6,7330000.0,962000.0,8320000.0,1490000.0,8390000.0,16000000000000.0,,,,,,,,68.6,IS_808_2021,4,20,"SI columns authoritative (mm, mm2, mm3, mm4, mm6); inch columns derived",ok,
WPB700X300X300.68,WPB700X300X300.68,WPB 700 X 300 X 300.68,WPB,59.3651,7904.2566,449.2693,38.199903,640.7493,117.1656,560.8082,75.0592,11.5354,2.7559,28.189,0.82677,11.9685,1.5748,79319.0134,3.2626,26.6142,300.68,300.68,38300.0,3290000000.0,187000000.0,716.0,304.0,21.0,40.0,90.0,27.0,0.0,293.0,70.0,9190000.0,1230000.0,10500000.0,1920000.0,15900000.0,21300000000000.0,,,,,,,,70.0,IS_808_2021,4,20,"SI columns authoritative (mm, mm2, mm3, mm4, mm6); inch columns derived",ok,
WPB800X300X171.52,WPB800X300X171.52,WPB 800 X 300 X 171.52,WPB,33.7901,4997.22,195.324,5.838098,379.5677,52.2363,330.7487,33.0749,12.1654,2.4016,30.315,0.55118,11.811,0.70866,42452.4297,2.9506,29.6063,171.52,171.52,21800.0,2080000000.0,81300000.0,770.0,300.0,14.0,18.0,90.0,30.0,0.0,309.0,61.0,5420000.0,542000.0,6220000.0,856000.0,2430000.0,11400000000000.0,,,,,,,,61.0,IS_808_2021,4,20,"SI columns authoritative (mm, mm2, mm3, mm4, mm6); inch columns derived",ok,
WPB800X300X224.38,WPB800X300X224.38,WPB 800 X 300 X 224.38,WPB,44.1751,7279.6041,302.7162,14.607258,530.2963,79.9411,468.6624,51.382,12.7953,2.6181,31.1024,0.59055,11.811,1.10236,67774.9316,3.1088,30.0,224.38,224.38,28500.0,3030000000.0,126000000.0,790.0,300.0,15.0,28.0,90.0,30.0,0.0,325.0,66.5,7680000.0,842000.0,8690000.0,1310000.0,6080000.0,18200000000000.0,,,,,,,,66.5,IS_808_2021,4,20,"SI columns authoritative (mm, mm2, mm3, mm4, mm6); inch columns derived",ok,
WPB800X300X262.34,WPB800X300X262.34,WPB 800 X 300 X 262.34,WPB,51.7701,8625.0095,357.9739,23.016042,622.4422,94.5868,547.383,60.5966,12.874,2.626,31.4961,0.68898,11.811,1.29921,81180.9621,3.1382,30.1969,262.34,262.34,33400.0,3590000000.0,149000000.0,800.0,300.0,17.5,33.0,90.0,30.0,0.0,327.0,66.7,8970000.0,993000.0,10200000.0,1550000.0,9580000.0,21800000000000.0,,,,,,,,66.7,IS_808_2021,4,20,"SI columns authoritative (mm, mm2, mm3, mm4, mm6); inch columns derived",ok,
WPB800X300X317.36,WPB800X300X317.36,WPB 800 X 300 X 317.36,WPB,62.6201,10619.0925,446.8668,39.641409,756.6944,117.7758,659.0564,74.449,12.9921,2.6693,32.0472,0.82677,11.9291,1.5748,103151.9564,3.2096,30.4724,317.36,317.36,40400.0,4420000000.0,186000000.0,814.0,303.0,21.0,40.0,90.0,30.0,0.0,330.0,67.8,10800000.0,1220000.0,12400000.0,1930000.0,16500000.0,27700000000000.0,,,,,,,,67.8,IS_808_2021,4,20,"SI columns authoritative (mm, mm2, mm3, mm4, mm6); inch columns derived",ok,
WPB800X300X179.9,WPB800X300X179.9,WPB 800 X 300 X 179.9,WPB,35.4951,6078.3493,188.1165,6.342625,427.1662,51.9312,371.0244,32.7087,13.0709,2.2992,32.874,0.55118,11.4961,0.74016,48038.2757,2.8464,32.1339,179.9,179.9,22900.0,2530000000.0,78300000.0,835.0,292.0,14.0,18.8,90.0,30.0,0.0,332.0,58.4,6080000.0,536000.0,7000000.0,851000.0,2640000.0,12900000000000.0,,,,,,,,58.4,IS_808_2021,4,20,"SI columns authoritative (mm, mm2, mm3, mm4, mm6); inch columns derived",ok,
WPB850X300X195.74,WPB850X300X195.74,WPB 850 X 300 X 195.74,WPB,38.5951,6775.0771,213.1026,8.240608,471.7135,58.6438,410.0796,37.1024,13.2283,2.3465,33.0709,0.57874,11.4961,0.83858,55113.6807,2.8909,32.2323,195.74,195.74,24900.0,2820000000.0,88700000.0,840.0,292.0,14.7,21.3,90.0,30.0,0.0,336.0,59.6,6720000.0,608000.0,7730000.0,961000.0,3430000.0,14800000000000.0,,,,,,,,59.6,IS_808_2021,4,20,"SI columns authoritative (mm, mm2, mm3, mm4, mm6); inch columns derived",ok,
WPB850X300X214.25,WPB850X300X214.25,WPB 850 X 300 X 214.25,WPB,42.1601,7615.9555,245.056,11.027519,524.8042,67.1261,457.6781,42.5946,13.4252,2.4094,33.3071,0.6063,11.5354,0.95669,63678.6446,2.9379,32.3504,214.25,214.25,27200.0,3170000000.0,102000000.0,846.0,293.0,15.4,24.3,90.0,30.0,0.0,341.0,61.2,7500000.0,698000.0,8600000.0,1100000.0,4590000.0,17100000000000.0,,,,,,,,61.2,IS_808_2021,4,20,"SI columns authoritative (mm, mm2, mm3, mm4, mm6); inch columns derived",ok,
WPB850X300X230.56,WPB850X300X230.56,WPB 850 X 300 X 230.56,WPB,45.4151,8336.7083,271.4836,13.910531,570.572,74.449,497.9538,47.2934,13.5433,2.4528,33.5039,0.63386,11.5748,1.05512,71498.829,2.9745,32.4488,230.56,230.56,29300.0,3470000000.0,113000000.0,851.0,294.0,16.1,26.8,90.0,30.0,0.0,344.0,62.3,8160000.0,775000.0,9350000.0,1220000.0,5790000.0,19200000000000.0,,,,,,,,62.3,IS_808_2021,4,20,"SI columns authoritative (mm, mm2, mm3, mm4, mm6); inch columns derived",ok,
WPB850X300X253.69,WPB850X300X253.69,WPB 850 X 300 X 253.69,WPB,50.0651,9417.8377,307.5212,19.268127,634.6469,84.2128,557.1468,53.6399,13.7008,2.4803,33.8189,0.66929,11.4961,1.2126,81553.3518,2.9981,32.6063,253.69,253.69,32300.0,3920000000.0,128000000.0,859.0,292.0,17.0,30.8,90.0,30.0,0.0,348.0,63.0,9130000.0,879000.0,10400000.0,1380000.0,8020000.0,21900000000000.0,,,,,,,,63.0,IS_808_2021,4,20,"SI columns authoritative (mm, mm2, mm3, mm4, mm6); inch columns derived",ok,
WPB900X300X198.01,WPB900X300X198.01,WPB 900 X 300 X 198.01,WPB,39.0601,7231.5539,217.1869,7.712056,487.5797,58.3997,422.2843,36.7363,13.5827,2.3543,34.252,0.59055,11.811,0.7874,60327.137,2.9278,33.4646,198.01,198.01,25200.0,3010000000.0,90400000.0,870.0,300.0,15.0,20.0,90.0,30.0,0.0,345.0,59.8,6920000.0,602000.0,7990000.0,957000.0,3210000.0,16200000000000.0,,,,,,,,59.8,IS_808_2021,4,20,"SI columns authoritative (mm, mm2, mm3, mm4, mm6); inch columns derived",ok,
WPB900X300X251.62,WPB900X300X251.62,WPB 900 X 300 X 251.62,WPB,49.6001,10138.5906,324.3388,17.994797,659.0564,86.0435,578.5051,55.1044,14.252,2.5591,35.0394,0.62992,11.811,1.1811,92725.0438,3.0789,33.8583,251.62,251.62,32000.0,4220000000.0,135000000.0,890.0,300.0,16.0,30.0,90.0,30.0,0.0,362.0,65.0,9480000.0,903000.0,10800000.0,1410000.0,7490000.0,24900000000000.0,,,,,,,,65.0,IS_808_2021,4,20,"SI columns authoritative (mm, mm2, mm3, mm4, mm6); inch columns derived",ok,
WPB900X300X291.46,WPB900X300X291.46,WPB 900 X 300 X 291.46,WPB,57.5051,11868.3975,379.5965,27.628861,762.7968,100.6892,665.1588,64.0749,14.3307,2.5669,35.4331,0.72835,11.811,1.37795,109482.5819,3.1132,34.0551,291.46,291.46,37100.0,4940000000.0,158000000.0,900.0,300.0,18.5,35.0,90.0,30.0,0.0,364.0,65.2,10900000.0,1050000.0,12500000.0,1650000.0,11500000.0,29400000000000.0,,,,,,,,65.2,IS_808_2021,4,20,"SI columns authoritative (mm, mm2, mm3, mm4, mm6); inch columns derived",ok,
